Year, Week, Age Group,A (H1),A (Unable to Subtype),A (H3),A (H1N1)pdm09,A (Subtyping not Performed),B (Victoria Lineage),B (Yamagata Lineage),B (Lineage Unspecified),H3N2v
2024,40,0-4 yr,0,0,15,6,5,0,0,0,0
2024,41,0-4 yr,0,0,12,5,7,1,0,0,0
2024,42,0-4 yr,0,0,13,13,4,1,0,0,0
2024,43,0-4 yr,0,0,20,22,5,1,0,0,0
2024,44,0-4 yr,0,0,18,22,4,2,0,0,0
2024,45,0-4 yr,0,0,26,23,4,1,0,0,0
2024,46,0-4 yr,0,0,42,30,7,1,0,1,0
2024,47,0-4 yr,0,0,43,40,6,1,0,2,0
2024,48,0-4 yr,0,0,66,45,5,2,0,3,0
2024,49,0-4 yr,0,0,90,54,8,4,0,4,0
2024,50,0-4 yr,0,0,150,103,17,2,0,3,0
2024,51,0-4 yr,0,0,205,116,22,3,0,2,0
2024,52,0-4 yr,0,0,244,188,39,3,0,5,0
2025,1,0-4 yr,0,0,296,262,86,6,0,5,0
2025,2,0-4 yr,0,0,196,151,61,4,0,2,0
2025,3,0-4 yr,0,0,230,194,113,3,0,3,0
2025,4,0-4 yr,0,0,261,260,199,2,0,6,0
2025,5,0-4 yr,0,0,256,294,255,11,0,6,0
2025,6,0-4 yr,0,0,212,231,212,4,0,10,0
2025,7,0-4 yr,0,0,178,201,99,6,0,9,0
2025,8,0-4 yr,0,0,133,174,38,9,0,8,0
2025,9,0-4 yr,0,0,101,147,40,8,0,12,0
2025,10,0-4 yr,0,0,84,99,50,9,0,9,0
2025,11,0-4 yr,0,0,59,97,57,6,0,17,0
2025,12,0-4 yr,0,0,64,77,26,12,0,14,0
2025,13,0-4 yr,0,0,35,49,5,13,0,6,0
2025,14,0-4 yr,0,0,17,43,5,26,0,8,0
2025,15,0-4 yr,0,0,15,39,3,18,0,10,0
2025,16,0-4 yr,0,0,17,22,0,23,0,12,0
2025,17,0-4 yr,0,0,7,21,2,10,0,14,0
2025,18,0-4 yr,0,0,7,16,3,7,0,14,0
2025,19,0-4 yr,0,0,2,13,0,13,0,8,0
2025,20,0-4 yr,0,0,4,18,0,7,0,5,0
2025,21,0-4 yr,0,0,2,7,1,4,0,1,0
2025,22,0-4 yr,0,0,3,8,0,8,0,4,0
2025,23,0-4 yr,0,0,1,14,1,9,0,3,0
2025,24,0-4 yr,0,0,0,8,1,1,0,1,0
2025,25,0-4 yr,0,0,1,7,0,3,0,1,0
2025,26,0-4 yr,0,0,2,9,0,3,0,0,0
2025,27,0-4 yr,0,0,2,4,0,0,0,0,0
2025,28,0-4 yr,0,0,1,6,0,0,0,0,0
2025,29,0-4 yr,0,0,0,8,0,2,0,0,0
2025,30,0-4 yr,0,0,0,6,0,0,0,0,0
2025,31,0-4 yr,0,0,2,5,0,0,0,0,0
2025,32,0-4 yr,0,0,1,6,0,0,0,0,0
2025,33,0-4 yr,0,0,0,9,0,1,0,1,0
2025,34,0-4 yr,0,0,0,7,0,0,0,0,0
2025,35,0-4 yr,0,0,5,6,0,0,0,0,0
2025,36,0-4 yr,0,0,5,1,0,0,0,0,0
2025,37,0-4 yr,0,0,2,7,0,1,0,0,0
2025,38,0-4 yr,0,0,2,2,0,0,0,0,0
2025,39,0-4 yr,0,0,1,3,0,0,0,0,0
2024,40,5-24 yr,0,0,34,27,10,5,0,0,0
2024,41,5-24 yr,0,0,39,23,12,2,0,0,0
2024,42,5-24 yr,0,0,40,26,4,9,0,0,0
2024,43,5-24 yr,0,0,47,50,7,6,0,2,0
2024,44,5-24 yr,0,0,84,43,13,10,0,1,0
2024,45,5-24 yr,0,0,95,63,12,16,0,3,0
2024,46,5-24 yr,0,0,111,65,11,8,0,3,0
2024,47,5-24 yr,0,0,127,80,21,14,0,7,0
2024,48,5-24 yr,0,0,144,102,13,10,0,9,0
2024,49,5-24 yr,0,0,237,132,23,21,0,9,0
2024,50,5-24 yr,0,0,410,282,49,31,0,11,0
2024,51,5-24 yr,0,0,613,362,70,18,0,16,0
2024,52,5-24 yr,0,0,595,336,98,20,0,22,0
2025,1,5-24 yr,0,0,402,265,120,5,0,21,0
2025,2,5-24 yr,0,0,434,273,126,12,0,23,0
2025,3,5-24 yr,0,0,600,506,231,29,0,26,0
2025,4,5-24 yr,0,0,750,634,335,22,0,32,0
2025,5,5-24 yr,0,0,804,723,566,28,0,68,0
2025,6,5-24 yr,0,0,639,625,490,35,0,76,0
2025,7,5-24 yr,0,0,489,501,228,35,0,82,0
2025,8,5-24 yr,0,0,377,372,82,59,0,62,0
2025,9,5-24 yr,0,0,272,341,105,35,0,59,0
2025,10,5-24 yr,0,0,193,259,124,64,0,66,0
2025,11,5-24 yr,0,0,161,201,132,47,0,92,0
2025,12,5-24 yr,0,0,121,134,64,59,0,78,0
2025,13,5-24 yr,0,0,62,100,22,54,0,73,0
2025,14,5-24 yr,0,0,53,89,9,83,0,92,0
2025,15,5-24 yr,0,0,48,63,10,69,0,93,0
2025,16,5-24 yr,0,0,38,40,3,56,0,90,0
2025,17,5-24 yr,0,0,24,36,5,39,0,78,0
2025,18,5-24 yr,0,0,22,30,2,77,0,56,0
2025,19,5-24 yr,0,0,8,30,0,62,0,54,0
2025,20,5-24 yr,0,0,8,21,3,52,0,31,0
2025,21,5-24 yr,0,0,3,15,3,45,0,17,0
2025,22,5-24 yr,0,0,2,16,0,33,0,17,0
2025,23,5-24 yr,0,0,3,13,0,21,0,18,0
2025,24,5-24 yr,0,0,0,11,0,18,0,7,0
2025,25,5-24 yr,0,0,2,5,2,17,0,6,0
2025,26,5-24 yr,0,0,0,18,0,4,0,5,0
2025,27,5-24 yr,0,0,4,9,0,6,0,0,0
2025,28,5-24 yr,0,0,4,7,0,5,0,0,0
2025,29,5-24 yr,0,0,0,7,0,5,0,2,0
2025,30,5-24 yr,0,0,11,12,1,8,0,1,0
2025,31,5-24 yr,0,0,4,12,0,2,0,1,0
2025,32,5-24 yr,0,0,4,3,0,2,0,1,0
2025,33,5-24 yr,0,0,0,10,0,1,0,0,0
2025,34,5-24 yr,0,0,4,11,0,2,0,1,0
2025,35,5-24 yr,0,0,4,17,3,2,0,0,0
2025,36,5-24 yr,0,0,9,9,0,0,0,1,0
2025,37,5-24 yr,0,0,12,11,1,0,0,0,0
2025,38,5-24 yr,0,0,13,6,1,1,0,1,0
2025,39,5-24 yr,0,0,12,5,2,3,0,4,0
2024,40,25-64 yr,0,0,22,27,6,0,0,0,0
2024,41,25-64 yr,0,0,22,19,11,0,0,0,0
2024,42,25-64 yr,0,0,18,27,5,7,0,0,0
2024,43,25-64 yr,0,0,45,47,5,2,0,0,0
2024,44,25-64 yr,0,0,62,48,6,4,0,1,0
2024,45,25-64 yr,0,0,72,57,8,1,0,0,0
2024,46,25-64 yr,0,0,98,54,20,3,0,3,0
2024,47,25-64 yr,0,0,95,84,14,7,0,4,0
2024,48,25-64 yr,0,0,131,116,13,4,0,3,0
2024,49,25-64 yr,0,0,272,200,23,11,0,10,0
2024,50,25-64 yr,0,0,411,343,55,15,0,17,0
2024,51,25-64 yr,0,0,674,469,108,9,0,6,0
2024,52,25-64 yr,0,0,861,693,162,7,0,15,0
2025,1,25-64 yr,0,0,901,752,305,7,0,24,0
2025,2,25-64 yr,0,0,851,673,263,15,0,11,0
2025,3,25-64 yr,0,0,754,763,350,15,0,21,0
2025,4,25-64 yr,0,0,943,1092,393,17,0,34,0
2025,5,25-64 yr,0,0,1114,1429,707,28,0,41,0
2025,6,25-64 yr,0,0,936,1372,632,22,0,57,0
2025,7,25-64 yr,0,0,728,1082,311,27,0,47,0
2025,8,25-64 yr,0,0,526,954,179,29,0,39,0
2025,9,25-64 yr,0,0,415,760,200,37,0,46,0
2025,10,25-64 yr,0,0,291,567,172,34,0,51,0
2025,11,25-64 yr,0,0,206,456,176,38,0,58,0
2025,12,25-64 yr,0,0,150,374,106,45,0,46,0
2025,13,25-64 yr,0,0,97,257,46,51,0,52,0
2025,14,25-64 yr,0,0,63,179,27,77,0,50,0
2025,15,25-64 yr,0,0,40,132,14,41,0,58,0
2025,16,25-64 yr,0,0,24,97,22,47,0,48,0
2025,17,25-64 yr,0,0,33,84,19,47,0,41,0
2025,18,25-64 yr,0,0,15,47,6,47,0,38,0
2025,19,25-64 yr,0,0,10,58,3,30,0,19,0
2025,20,25-64 yr,0,0,8,48,3,42,0,13,0
2025,21,25-64 yr,0,0,6,22,2,16,0,9,0
2025,22,25-64 yr,0,0,4,30,2,23,0,6,0
2025,23,25-64 yr,0,0,3,34,4,19,0,11,0
2025,24,25-64 yr,0,0,5,34,4,14,0,7,0
2025,25,25-64 yr,0,0,5,19,1,8,0,3,0
2025,26,25-64 yr,0,0,2,29,1,9,0,6,0
2025,27,25-64 yr,0,0,4,16,0,5,0,5,0
2025,28,25-64 yr,0,0,4,16,1,4,0,1,0
2025,29,25-64 yr,0,0,2,21,0,2,0,1,0
2025,30,25-64 yr,0,0,11,17,2,6,0,0,0
2025,31,25-64 yr,0,0,5,13,0,5,0,0,0
2025,32,25-64 yr,0,0,7,15,0,0,0,1,0
2025,33,25-64 yr,0,0,5,11,2,2,0,0,0
2025,34,25-64 yr,0,0,6,29,2,1,0,0,0
2025,35,25-64 yr,0,0,3,16,0,0,0,1,0
2025,36,25-64 yr,0,0,8,15,2,1,0,1,0
2025,37,25-64 yr,0,0,8,13,1,1,0,0,0
2025,38,25-64 yr,0,0,8,16,1,0,0,1,0
2025,39,25-64 yr,0,0,7,15,4,0,0,2,0
2024,40,65+ yr,0,0,11,26,3,0,0,0,0
2024,41,65+ yr,0,0,12,18,0,2,0,0,0
2024,42,65+ yr,0,0,20,16,2,0,0,0,0
2024,43,65+ yr,0,0,17,31,3,1,0,1,0
2024,44,65+ yr,0,0,18,21,6,0,0,0,0
2024,45,65+ yr,0,0,40,23,10,0,0,0,0
2024,46,65+ yr,0,0,42,25,9,0,0,0,0
2024,47,65+ yr,0,0,64,37,9,1,0,0,0
2024,48,65+ yr,0,0,81,51,1,1,0,0,0
2024,49,65+ yr,0,0,122,111,11,0,0,0,0
2024,50,65+ yr,0,0,238,163,24,1,0,0,0
2024,51,65+ yr,0,0,382,297,54,1,0,1,0
2024,52,65+ yr,0,0,652,551,128,1,0,1,0
2025,1,65+ yr,0,0,781,660,250,2,0,1,0
2025,2,65+ yr,0,0,575,527,156,1,0,1,0
2025,3,65+ yr,0,0,468,583,202,2,0,1,0
2025,4,65+ yr,0,0,720,895,221,4,0,6,0
2025,5,65+ yr,0,0,981,1317,428,0,0,1,0
2025,6,65+ yr,0,0,958,1458,438,2,0,3,0
2025,7,65+ yr,0,0,770,1354,244,6,0,8,0
2025,8,65+ yr,0,0,541,1183,166,3,0,1,0
2025,9,65+ yr,0,0,509,920,158,6,0,5,0
2025,10,65+ yr,0,0,304,748,149,8,0,1,0
2025,11,65+ yr,0,0,206,598,164,3,0,4,0
2025,12,65+ yr,0,0,168,473,114,9,0,7,0
2025,13,65+ yr,0,0,87,316,50,6,0,3,0
2025,14,65+ yr,0,0,65,222,20,3,0,8,0
2025,15,65+ yr,0,0,47,140,12,4,0,2,0
2025,16,65+ yr,0,0,35,112,11,7,0,2,0
2025,17,65+ yr,0,0,17,92,9,6,0,3,0
2025,18,65+ yr,0,0,9,47,4,7,0,10,0
2025,19,65+ yr,0,0,2,40,2,5,0,4,0
2025,20,65+ yr,0,0,5,44,3,3,0,3,0
2025,21,65+ yr,0,0,3,25,4,3,0,0,0
2025,22,65+ yr,0,0,3,39,6,2,0,5,0
2025,23,65+ yr,0,0,5,39,6,1,0,1,0
2025,24,65+ yr,0,0,4,34,3,4,0,0,0
2025,25,65+ yr,0,0,3,28,2,1,0,1,0
2025,26,65+ yr,0,0,1,29,0,0,0,1,0
2025,27,65+ yr,0,0,2,25,1,1,0,0,0
2025,28,65+ yr,0,0,2,21,0,1,0,0,0
2025,29,65+ yr,0,0,1,23,0,0,0,0,0
2025,30,65+ yr,0,0,3,15,1,0,0,0,0
2025,31,65+ yr,0,0,2,18,0,0,0,1,0
2025,32,65+ yr,0,0,3,9,1,0,0,0,0
2025,33,65+ yr,0,0,3,10,1,0,0,0,0
2025,34,65+ yr,0,0,3,19,1,0,0,0,0
2025,35,65+ yr,0,0,4,15,0,0,0,0,0
2025,36,65+ yr,0,0,5,20,0,0,0,0,0
2025,37,65+ yr,0,0,5,15,1,0,0,0,0
2025,38,65+ yr,0,0,4,20,2,0,0,0,0
2025,39,65+ yr,0,0,4,18,1,0,0,0,0
