k_perc,week,mae_adaptive_ensemble2,mae_original_ensemble2,mae_rel_original2
5,2024-11-23,0.8935902131681795,0.7661212696974639,1.1663822015032324
5,2024-11-30,0.8019262026844282,0.7677946549808624,1.0444540053543567
5,2024-12-07,0.8048092431266227,0.7703237481999302,1.0447675344389644
5,2024-12-14,0.7993132247039751,0.7737692650919223,1.0330123730218441
5,2024-12-21,0.7880338455970655,0.7787486183523141,1.011923266412205
5,2024-12-28,0.7554512616600767,0.7845166790843512,0.9629511797528661
5,2025-01-04,0.698743392162905,0.7879040484704808,0.8868381797496041
5,2025-01-11,0.5751692300455407,0.7885184353955472,0.7294302887883864
5,2025-01-18,0.5806375348628015,0.7954535066127002,0.7299452828303504
5,2025-01-25,0.5652232383067375,0.8015041018035142,0.7052031761720166
5,2025-02-01,0.5448968601640463,0.8038222924936322,0.6778822449345828
5,2025-02-08,0.5132443320724696,0.798782755400505,0.6425330649697512
5,2025-02-15,0.4887156397463506,0.7879391713977925,0.62024539137885
5,2025-02-22,0.5168908758093448,0.7798193328120285,0.6628341387041999
5,2025-03-01,0.5692232723939986,0.7770974319334506,0.7324992324035192
5,2025-03-08,0.6224374263993571,0.7807642743204538,0.7972155577188799
5,2025-03-15,0.6830897489338266,0.7942366879576728,0.8600581656462468
5,2025-03-22,0.7224046072654854,0.8190268360085458,0.8820280062934932
5,2025-03-29,0.7856597534936168,0.851458964127661,0.9227218064449448
5,2025-04-05,0.8413991958432734,0.8847631370869247,0.9509880787004455
5,2025-04-12,0.8851407950448151,0.9131652447674756,0.9693106478994429
5,2025-04-19,0.9036574837737469,0.9333243286076008,0.9682137881500281
5,2025-04-26,0.9180527515329218,0.9474730368604494,0.9689486833049996
5,2025-05-03,0.9310859949312605,0.9574763647676106,0.9724375756860012
15,2024-11-23,0.8317086208070319,0.7661212696974639,1.0856096204396832
15,2024-11-30,0.8004596420749098,0.7677946549808624,1.0425439105132368
15,2024-12-07,0.7975833211815327,0.7703237481999302,1.0353871642219286
15,2024-12-14,0.7840410261542383,0.7737692650919223,1.0132749664864185
15,2024-12-21,0.7723847648273069,0.7787486183523141,0.9918281029654062
15,2024-12-28,0.7494458365317872,0.7845166790843512,0.9552962435502367
15,2025-01-04,0.7111774032868764,0.7879040484704808,0.9026193032862948
15,2025-01-11,0.6581338873868142,0.7885184353955472,0.8346461640515384
15,2025-01-18,0.6394231917182008,0.7954535066127002,0.8038473479626393
15,2025-01-25,0.6125156202700252,0.8015041018035142,0.7642077175796926
15,2025-02-01,0.6033545919278976,0.8038222924936322,0.7506069408154382
15,2025-02-08,0.5666749345632824,0.798782755400505,0.7094230949930246
15,2025-02-15,0.5574390257340262,0.7879391713977925,0.7074645429102573
15,2025-02-22,0.5826125108463084,0.7798193328120285,0.7471121660262098
15,2025-03-01,0.6188822023319355,0.7770974319334506,0.7964023260148099
15,2025-03-08,0.6716394971809269,0.7807642743204538,0.8602333883238896
15,2025-03-15,0.7125033402916336,0.7942366879576728,0.8970919514229303
15,2025-03-22,0.7537391114013315,0.8190268360085458,0.9202862205036063
15,2025-03-29,0.8036761334687288,0.851458964127661,0.9438812289587123
15,2025-04-05,0.8444482538213706,0.8847631370869247,0.9544342642955373
15,2025-04-12,0.8740788298588459,0.9131652447674756,0.9571967777654716
15,2025-04-19,0.895656471890798,0.9333243286076008,0.9596411927105786
15,2025-04-26,0.9084800861018056,0.9474730368604494,0.9588453188199941
15,2025-05-03,0.9196994717129806,0.9574763647676106,0.9605453518805148
25,2024-11-23,0.8113245210108058,0.7661212696974639,1.059002736382965
25,2024-11-30,0.808298209650258,0.7677946549808624,1.0527531084081396
25,2024-12-07,0.8062720002466578,0.7703237481999302,1.0466664206195517
25,2024-12-14,0.7873708723694173,0.7737692650919223,1.0175783762564918
25,2024-12-21,0.7717902602989104,0.7787486183523141,0.9910646929067736
25,2024-12-28,0.749231554271887,0.7845166790843512,0.955023104347957
25,2025-01-04,0.7153059757902258,0.7879040484704808,0.9078592465399994
25,2025-01-11,0.6845864528665329,0.7885184353955472,0.8681933384640796
25,2025-01-18,0.6734484990059547,0.7954535066127002,0.8466220758441527
25,2025-01-25,0.6642071430764321,0.8015041018035142,0.828700865762082
25,2025-02-01,0.6435766769340608,0.8038222924936322,0.8006454697064266
25,2025-02-08,0.6244231750134784,0.798782755400505,0.7817183968880204
25,2025-02-15,0.6163025870853515,0.7879391713977925,0.7821702606713152
25,2025-02-22,0.6146442167423127,0.7798193328120285,0.7881879698030897
25,2025-03-01,0.6413119332282743,0.7770974319334506,0.8252657992095839
25,2025-03-08,0.6851543962679386,0.7807642743204538,0.8775432211780819
25,2025-03-15,0.7319980145053021,0.7942366879576728,0.9216371210294839
25,2025-03-22,0.7766057781190011,0.8190268360085458,0.9482055336595808
25,2025-03-29,0.8159264206916086,0.851458964127661,0.9582686366189634
25,2025-04-05,0.8588277934813847,0.8847631370869247,0.9706866815327186
25,2025-04-12,0.8899209363352814,0.9131652447674756,0.9745453426251313
25,2025-04-19,0.9211899146433017,0.9333243286076008,0.9869987167457618
25,2025-04-26,0.9426457417183902,0.9474730368604494,0.9949050844147979
25,2025-05-03,0.9403613088083942,0.9574763647676106,0.9821248266912882
50,2024-11-23,0.8049565081033108,0.7661212696974639,1.0506907195269264
50,2024-11-30,0.8006812136861662,0.7677946549808624,1.042832492375352
50,2024-12-07,0.8038852181848506,0.7703237481999302,1.0435680063912685
50,2024-12-14,0.8049523251572457,0.7737692650919223,1.0403002050767922
50,2024-12-21,0.8056043957120823,0.7787486183523141,1.0344858106029002
50,2024-12-28,0.7905677502634638,0.7845166790843512,1.0077131198614862
50,2025-01-04,0.7558112482537631,0.7879040484704808,0.959268136419634
50,2025-01-11,0.7385183807215322,0.7885184353955472,0.9365898723104257
50,2025-01-18,0.738644372029489,0.7954535066127002,0.9285827089692231
50,2025-01-25,0.7263484765166255,0.8015041018035142,0.906231764606349
50,2025-02-01,0.7051734086884572,0.8038222924936322,0.8772752575707441
50,2025-02-08,0.6957735277358055,0.798782755400505,0.8710422490116836
50,2025-02-15,0.6842878905230743,0.7879391713977925,0.8684526869112975
50,2025-02-22,0.6844160520786104,0.7798193328120285,0.8776597646157427
50,2025-03-01,0.7106264379615077,0.7770974319334506,0.914462471190311
50,2025-03-08,0.7483377569932257,0.7807642743204538,0.9584682363246565
50,2025-03-15,0.7909724808460113,0.7942366879576728,0.9958901330533406
50,2025-03-22,0.8358382358381393,0.8190268360085458,1.020526067145153
50,2025-03-29,0.8707205558830206,0.851458964127661,1.0226218673674938
50,2025-04-05,0.9038554170087668,0.8847631370869247,1.0215789730850489
50,2025-04-12,0.9286356101807172,0.9131652447674756,1.016941474176649
50,2025-04-19,0.9447961514724342,0.9333243286076008,1.0122913573697878
50,2025-04-26,0.9571400680791781,0.9474730368604494,1.0102029618180601
50,2025-05-03,0.9650302245955066,0.9574763647676106,1.007889343388366
75,2024-11-23,0.7986738970711965,0.7661212696974639,1.042490175721903
75,2024-11-30,0.8043954466867835,0.7677946549808624,1.0476700267037329
75,2024-12-07,0.8101729320743799,0.7703237481999302,1.05173043667363
75,2024-12-14,0.8127752495919953,0.7737692650919223,1.050410356497475
75,2024-12-21,0.8162367824963933,0.7787486183523141,1.048138979974561
75,2024-12-28,0.8095547833856496,0.7845166790843512,1.031915324388669
75,2025-01-04,0.8010133049022324,0.7879040484704808,1.0166381381809118
75,2025-01-11,0.7945667541275171,0.7885184353955472,1.007670484874505
75,2025-01-18,0.7878540168023499,0.7954535066127002,0.9904463431901741
75,2025-01-25,0.7743273986236874,0.8015041018035142,0.9660928707430507
75,2025-02-01,0.7567829020170587,0.8038222924936322,0.9414803608759753
75,2025-02-08,0.7443597100841907,0.798782755400505,0.9318675259970691
75,2025-02-15,0.7410382546970087,0.7879391713977925,0.940476475338087
75,2025-02-22,0.7452926589281462,0.7798193328120285,0.9557247782516765
75,2025-03-01,0.7647721506074505,0.7770974319334506,0.984139335919134
75,2025-03-08,0.7972985683272047,0.7807642743204538,1.0211770627199122
75,2025-03-15,0.8351182212410696,0.7942366879576728,1.0514727333844538
75,2025-03-22,0.8721882952532076,0.8190268360085458,1.064908079817921
75,2025-03-29,0.9021939236147257,0.851458964127661,1.059585912679942
75,2025-04-05,0.9260015314165667,0.8847631370869247,1.046609530394111
75,2025-04-12,0.9449873737790395,0.9131652447674756,1.0348481604987791
75,2025-04-19,0.9565725054724287,0.9333243286076008,1.0249090012466633
75,2025-04-26,0.9643311021052846,0.9474730368604494,1.0177926596208966
75,2025-05-03,0.9702647080878343,0.9574763647676106,1.0133563018271763
