k_perc,week,mae_adaptive_ensemble2,mae_original_ensemble2,mae_original_ensembleA,mae_original_ensembleB,mae_original_ensembleC,mae_original_ensembleD,mae_original_ensembleE,mae_original_ensembleF,mae_rel_original2,mae_rel_originalA,mae_rel_originalB,mae_rel_originalC,mae_rel_originalD,mae_rel_originalE,mae_rel_originalF
5,2024-11-30,0.5712300871615995,0.6690989165854384,0.7272634103327236,0.7045800169953,0.7062376490464325,0.6662943057879696,0.6818523305007043,0.6259634430815234,0.8537304021903287,0.7854514321025188,0.8107384163371893,0.8088355073294078,0.8573239816090794,0.8377621687413291,0.9125614178833195
5,2024-12-07,0.5863382012544667,0.6612795553803182,0.7052115011948997,0.7038066324969583,0.6789909974929058,0.6626501460223979,0.6503059515778812,0.619253472967091,0.8866722046430864,0.8314359596532162,0.8330955893016548,0.8635434098823863,0.8848382585803402,0.9016343766065723,0.9468468516536305
5,2024-12-14,0.5892225609708399,0.6547704823563355,0.6856191321149804,0.7075767826075864,0.6527206805202201,0.6627483170186173,0.6162641380035772,0.6150347393775207,0.899891758789115,0.8594021569281785,0.83273303400292,0.9027177758505031,0.8890593093038184,0.9561201514656686,0.9580313488750157
5,2024-12-21,0.6124432587416451,0.6525644633518154,0.6749293563933939,0.7191938736501466,0.63457779273877,0.6694409462441038,0.5897421867034424,0.6159743048337797,0.9385176379294502,0.9074183141393427,0.8515690708449629,0.965119274184502,0.9148577812244022,1.038493213729711,0.9942675432003816
5,2024-12-28,0.6250370423584879,0.6669782227938256,0.6879027322896547,0.7326391489213943,0.6398021236852431,0.6861036383254295,0.5864341026678792,0.635160096679871,0.9371176164348286,0.908612530550764,0.8531308261081594,0.9769224252621908,0.9109950850632615,1.0658265600772387,0.9840622004211244
5,2025-01-04,0.5729889316730484,0.6899036686623494,0.7129366969153952,0.7427515145915803,0.6679473026422131,0.698665911569926,0.6182753647372671,0.6515365723490321,0.830534693030425,0.8037023962325865,0.7714409468260999,0.8578355349388553,0.8201186320734082,0.9267536187804234,0.8794424687584457
5,2025-01-11,0.5751302902372345,0.7059733659965347,0.7311741342377278,0.7496664062796435,0.6864209225012847,0.7081786036802561,0.6376574659222835,0.6648951706373089,0.8146628724801744,0.7865845676239984,0.7671816229453626,0.8378682400027777,0.8121260473677158,0.9019423765475528,0.8649939353386583
5,2025-01-18,0.6080706626650817,0.7248656387025295,0.7491291998158791,0.7624710282988505,0.7058231680025647,0.7251809231525758,0.6590337841168288,0.6881249499554626,0.8388736204319127,0.8117033254270869,0.7975000230785797,0.8615056720026398,0.8385089061935315,0.9226699409347539,0.8836631526068598
5,2025-02-01,0.6542274095612357,0.7565339437216154,0.7712779394310713,0.7888524976009939,0.7347695838550147,0.7591066948701098,0.7023006967627373,0.727303682901091,0.8647694065687213,0.8482381980791811,0.8293406074656909,0.890384446956542,0.8618385452036884,0.9315488544677573,0.8995244007999981
5,2025-02-08,0.6599653936053818,0.755245709450207,0.7724735733360799,0.7895659641481388,0.7410352868399456,0.7561292398075787,0.7167786961114582,0.7247826599899344,0.8738419634132235,0.8543533609249448,0.8358584634754578,0.8905991459863181,0.8728208867750321,0.920738014656002,0.9105700647067732
5,2025-02-15,0.6569591983479739,0.7516755644261546,0.7693724142453672,0.7801339749764705,0.743537548601291,0.7489599421002281,0.7278566238788697,0.7213131763329097,0.8739930223081162,0.8538897238632439,0.8421107392070551,0.8835588728287034,0.8771619968161897,0.9025942428701527,0.9107821954506563
5,2025-02-22,0.6669513209727148,0.7522252329258791,0.772055291849648,0.7733805036230301,0.7511667252966461,0.7427468906485312,0.7434332693023438,0.72087811898868,0.8866377938141211,0.8638647102267366,0.8623844509245707,0.887887200686807,0.8979523568121096,0.897123317602666,0.925192904881592
5,2025-03-01,0.67496227852298,0.7564162908154487,0.7778834892426676,0.7625105566403465,0.7641220128181679,0.7374059119542683,0.7642478825323736,0.7218852513476256,0.8923158936666239,0.8676907118572607,0.88518417567475,0.8833174116181304,0.9153198632951007,0.8831719314503805,0.93499940227751
5,2025-03-08,0.667689430048098,0.7585752114871424,0.785238940061543,0.7496485407026299,0.7768663349000531,0.7260940709488071,0.7833299153909918,0.7143515016901305,0.8801888328767452,0.8503009669843524,0.8906699523783328,0.8594650071096193,0.9195632587601354,0.8523732043539114,0.9346791159091404
5,2025-03-15,0.6571618303962902,0.7654244192781567,0.787042324578751,0.7481588653286044,0.785213095701312,0.725917572778371,0.7978156407571872,0.7177470864594564,0.8585587470752959,0.8349764807731569,0.8783720421566524,0.8369216382074562,0.905284367040564,0.8237013626012571,0.9155896872225221
5,2025-03-22,0.6513957870424862,0.7659473950773924,0.7755334440007642,0.7519348618786807,0.7787735422170055,0.7281174933290738,0.7965498621789494,0.720659183590717,0.8504445491020546,0.8399325549161545,0.8662928400672879,0.8364380037720576,0.8946300466758418,0.8177715143413665,0.9038888310517008
5,2025-03-29,0.6637773083926187,0.758162390961543,0.7560356936916095,0.7514555660496022,0.7614469052322955,0.7268537990751833,0.7837047300536606,0.7203488646820198,0.8755080920734937,0.8779708602797484,0.8833220996446834,0.8717315729192168,0.913219837658109,0.8469737171895971,0.9214664462414706
5,2025-04-05,0.677070301019565,0.7465301012223297,0.738003334416762,0.7516305114499549,0.7459389690646937,0.7273031951615215,0.7712451813918738,0.7224534711922334,0.9069564641947662,0.9174352871381646,0.9008020439636527,0.9076751974340733,0.9309326640166888,0.8778924230004906,0.9371818781661129
5,2025-04-12,0.695734184197019,0.7432364872923234,0.7321291935029901,0.7501434990973629,0.7408919208845499,0.7302482924958592,0.7686071498457429,0.728981716949789,0.9360872294249715,0.9502888156503727,0.9274681244777648,0.9390494950550722,0.9527364751776727,0.9051882803024286,0.9543918153504802
5,2025-04-19,0.7168039828574861,0.7492633615198355,0.7425622155775259,0.7505017554662894,0.7501495230550002,0.7338550349769095,0.7776536147233204,0.7386309241676816,0.956678278520776,0.9653116840856139,0.9550996751661605,0.955548141840158,0.9767650948665088,0.9217522677014961,0.9704494618407821
15,2024-11-30,0.5700597480755275,0.6690989165854384,0.7272634103327236,0.7045800169953,0.7062376490464325,0.6662943057879696,0.6818523305007043,0.6259634430815234,0.8519812750328009,0.7838421952435703,0.8090773713772954,0.8071783610590947,0.8555674919078985,0.8360457573810972,0.9106917574438685
15,2024-12-07,0.5774482139904419,0.6612795553803182,0.7052115011948997,0.7038066324969583,0.6789909974929058,0.6626501460223979,0.6503059515778812,0.619253472967091,0.8732285903778427,0.8188298305005269,0.8204642970495699,0.8504504715417455,0.8714224503783989,0.88796390774118,0.9324908768353879
15,2024-12-14,0.5862495847571334,0.6547704823563355,0.6856191321149804,0.7075767826075864,0.6527206805202201,0.6627483170186173,0.6162641380035772,0.6150347393775207,0.8953512727809375,0.8550659649019502,0.8285314034706823,0.8981630309152927,0.8845734794082699,0.951295959969896,0.9531975142582663
15,2024-12-21,0.6048056780850936,0.6525644633518154,0.6749293563933939,0.7191938736501466,0.63457779273877,0.6694409462441038,0.5897421867034424,0.6159743048337797,0.9268136897596065,0.8961021955201077,0.8409494299715108,0.953083585662235,0.9034488874311526,1.02554250267537,0.9818683560969317
15,2024-12-28,0.6232914013747612,0.6669782227938256,0.6879027322896547,0.7326391489213943,0.6398021236852431,0.6861036383254295,0.5864341026678792,0.635160096679871,0.9345003780842052,0.9060749029156528,0.8507481511087458,0.9741940176513004,0.9084508032868418,1.0628498556601778,0.9813138524174454
15,2025-01-04,0.6032340538774489,0.6899036686623494,0.7129366969153952,0.7427515145915803,0.6679473026422131,0.698665911569926,0.6182753647372671,0.6515365723490321,0.8743743239502643,0.8461256889811006,0.8121613245166542,0.9031162361030927,0.8634084530071913,0.9756721491463437,0.9258636882079626
15,2025-01-11,0.6011897508836584,0.7059733659965347,0.7311741342377278,0.7496664062796435,0.6864209225012847,0.7081786036802561,0.6376574659222835,0.6648951706373089,0.851575682370161,0.8222251345234166,0.8019430320576487,0.8758324974899542,0.848923912356856,0.9428098673856512,0.9041872725702187
15,2025-01-18,0.6251632581339402,0.7248656387025295,0.7491291998158791,0.7624710282988505,0.7058231680025647,0.7251809231525758,0.6590337841168288,0.6881249499554626,0.8624539842348561,0.8345199443401656,0.819917393489353,0.885722212694028,0.8620790180416921,0.9486057819808458,0.9085025302082167
15,2025-02-01,0.6719369540759834,0.7565339437216154,0.7712779394310713,0.7888524976009939,0.7347695838550147,0.7591066948701098,0.7023006967627373,0.727303682901091,0.8881781969630149,0.8711994985512406,0.851790361467364,0.9144866211671747,0.8851679989345346,0.9567653245586742,0.9238739880922104
15,2025-02-08,0.6806953240559674,0.755245709450207,0.7724735733360799,0.7895659641481388,0.7410352868399456,0.7561292398075787,0.7167786961114582,0.7247826599899344,0.9012898922014272,0.8811891403821752,0.8621133065055157,0.9185734284782975,0.9002367429001848,0.9496589780761567,0.9391716463876506
15,2025-02-15,0.675256770294686,0.7516755644261546,0.7693724142453672,0.7801339749764705,0.743537548601291,0.7489599421002281,0.7278566238788697,0.7213131763329097,0.8983354019365943,0.8776721881262226,0.8655651361870919,0.9081676797156355,0.9015926384542488,0.9277332212711478,0.9361492240133886
15,2025-02-22,0.6757561038762007,0.7522252329258791,0.772055291849648,0.7733805036230301,0.7511667252966461,0.7427468906485312,0.7434332693023438,0.72087811898868,0.8983427759366146,0.8752690526312707,0.8737692516303531,0.8996086769010372,0.9098067085628089,0.9089667247611167,0.9374068737503352
15,2025-03-01,0.6817585721868408,0.7564162908154487,0.7778834892426676,0.7625105566403465,0.7641220128181679,0.7374059119542683,0.7642478825323736,0.7218852513476256,0.9013007525946807,0.8764276162367038,0.8940972242937825,0.8922116635175036,0.9245363525497764,0.892064718488718,0.944414047681573
15,2025-03-08,0.6783202448685774,0.7585752114871424,0.785238940061543,0.7496485407026299,0.7768663349000531,0.7260940709488071,0.7833299153909918,0.7143515016901305,0.8942030198149638,0.8638392854223634,0.9048510175619126,0.8731492335239962,0.9342043572703985,0.8659445165323479,0.9495608860115722
15,2025-03-15,0.6652597461463254,0.7654244192781567,0.787042324578751,0.7481588653286044,0.785213095701312,0.725917572778371,0.7978156407571872,0.7177470864594564,0.8691383883123394,0.8452655281307682,0.8891958339010415,0.8472346548832703,0.9164397875093665,0.8338514716444312,0.9268720956123369
15,2025-03-22,0.6651111809099111,0.7659473950773924,0.7755334440007642,0.7519348618786807,0.7787735422170055,0.7281174933290738,0.7965498621789494,0.720659183590717,0.8683509927502362,0.8576176644024338,0.8845329756997248,0.8540495341129317,0.9134668333113555,0.8349900144235919,0.922920565024877
15,2025-03-29,0.672305310322189,0.758162390961543,0.7560356936916095,0.7514555660496022,0.7614469052322955,0.7268537990751833,0.7837047300536606,0.7203488646820198,0.8867563444680164,0.8892507535450112,0.8946707439489661,0.8829313057843318,0.9249525986898611,0.8578553689170103,0.9333051571046226
15,2025-04-05,0.6806138158306381,0.7465301012223297,0.738003334416762,0.7516305114499549,0.7459389690646937,0.7273031951615215,0.7712451813918738,0.7224534711922334,0.9117031111220248,0.9222367760282839,0.9055164811200653,0.9124256059232775,0.9358047927721332,0.8824869603753344,0.94208671280581
15,2025-04-12,0.6950611661535157,0.7432364872923234,0.7321291935029901,0.7501434990973629,0.7408919208845499,0.7302482924958592,0.7686071498457429,0.728981716949789,0.9351817060081177,0.9493695543376484,0.9265709387468837,0.9381411060923475,0.9518148461229807,0.9043126469653741,0.9534685850034704
15,2025-04-19,0.7139325211508414,0.7492633615198355,0.7425622155775259,0.7505017554662894,0.7501495230550002,0.7338550349769095,0.7776536147233204,0.7386309241676816,0.9528458988074264,0.9614447196125946,0.9512736192166167,0.9517202893675594,0.9728522489094934,0.9180597989052617,0.9665619158246436
25,2024-11-30,0.5771122506442856,0.6690989165854384,0.7272634103327236,0.7045800169953,0.7062376490464325,0.6662943057879696,0.6818523305007043,0.6259634430815234,0.8625215739242542,0.7935395105059064,0.8190868839928159,0.8171643800404963,0.8661521577342374,0.8463889097812353,0.9219583939331173
25,2024-12-07,0.5853700245512301,0.6612795553803182,0.7052115011948997,0.7038066324969583,0.6789909974929058,0.6626501460223979,0.6503059515778812,0.619253472967091,0.8852081087166974,0.8300630712337901,0.8317199604591108,0.8621175048161757,0.8833771909128113,0.9001455747574005,0.9452833938039754
25,2024-12-14,0.5871380642200319,0.6547704823563355,0.6856191321149804,0.7075767826075864,0.6527206805202201,0.6627483170186173,0.6162641380035772,0.6150347393775207,0.8967082054571038,0.8563618439421948,0.8297870685585392,0.8995242248982847,0.8859140780036694,0.95273767855793,0.9546421147109134
25,2024-12-21,0.6019328810386545,0.6525644633518154,0.6749293563933939,0.7191938736501466,0.63457779273877,0.6694409462441038,0.5897421867034424,0.6159743048337797,0.9224113705899672,0.8918457544285684,0.8369549617874887,0.9485564857868354,0.899157549916534,1.020671226529267,0.9772045299861749
25,2024-12-28,0.6225701871085004,0.6669782227938256,0.6879027322896547,0.7326391489213943,0.6398021236852431,0.6861036383254295,0.5864341026678792,0.635160096679871,0.9334190620207814,0.9050264781421965,0.8497637452558473,0.9730667718364434,0.9073996293446353,1.0616200256366852,0.9801783681985362
25,2025-01-04,0.6117923238666519,0.6899036686623494,0.7129366969153952,0.7427515145915803,0.6679473026422131,0.698665911569926,0.6182753647372671,0.6515365723490321,0.8867793456626385,0.8581299384835199,0.8236837109690185,0.9159290283029398,0.8756578984824576,0.9895143147529902,0.9389992056177486
25,2025-01-11,0.6202374587732057,0.7059733659965347,0.7311741342377278,0.7496664062796435,0.6864209225012847,0.7081786036802561,0.6376574659222835,0.6648951706373089,0.8785564564432168,0.8482759847896191,0.8273512772851158,0.9035818088310745,0.8758206694610108,0.9726812464684591,0.932834958296812
25,2025-01-18,0.6452811881414142,0.7248656387025295,0.7491291998158791,0.7624710282988505,0.7058231680025647,0.7251809231525758,0.6590337841168288,0.6881249499554626,0.8902079967487945,0.8613750315700034,0.8463025665133814,0.9142250033638305,0.8898209640377551,0.9791321836499711,0.9377383979220324
25,2025-02-01,0.6818836135154012,0.7565339437216154,0.7712779394310713,0.7888524976009939,0.7347695838550147,0.7591066948701098,0.7023006967627373,0.727303682901091,0.9013258680251846,0.8840958345293639,0.8643993846620257,0.9280237349208932,0.8982711101396329,0.970928288493164,0.9375500627131201
25,2025-02-08,0.6873532909651933,0.755245709450207,0.7724735733360799,0.7895659641481388,0.7410352868399456,0.7561292398075787,0.7167786961114582,0.7247826599899344,0.9101055224339678,0.8898081626232496,0.8705457456069264,0.9275581111613825,0.9090420721464393,0.9589477124447219,0.9483578028408393
25,2025-02-15,0.6848454888113437,0.7516755644261546,0.7693724142453672,0.7801339749764705,0.743537548601291,0.7489599421002281,0.7278566238788697,0.7213131763329097,0.9110918609336058,0.8901352272723073,0.8778562538979272,0.9210637581109977,0.9143953505589429,0.9409071324537619,0.9494426433370253
25,2025-02-22,0.6829739682254319,0.7522252329258791,0.772055291849648,0.7733805036230301,0.7511667252966461,0.7427468906485312,0.7434332693023438,0.72087811898868,0.9079381258840716,0.8846179482679278,0.8831021276408265,0.9092175481491357,0.9195245066984954,0.9186755508888533,0.9474194738821815
25,2025-03-01,0.6843588258520047,0.7564162908154487,0.7778834892426676,0.7625105566403465,0.7641220128181679,0.7374059119542683,0.7642478825323736,0.7218852513476256,0.9047383486601498,0.8797703451943469,0.8975073458226184,0.8956145934443275,0.9280625700956499,0.8954670879614968,0.9480160795284762
25,2025-03-08,0.6822905078696132,0.7585752114871424,0.785238940061543,0.7496485407026299,0.7768663349000531,0.7260940709488071,0.7833299153909918,0.7143515016901305,0.8994368620772917,0.8688954063028748,0.9101471834122649,0.8782598462802389,0.9396723305811401,0.8710129595000266,0.9551187423213052
25,2025-03-15,0.6717660522343072,0.7654244192781567,0.787042324578751,0.7481588653286044,0.785213095701312,0.725917572778371,0.7978156407571872,0.7177470864594564,0.8776386476770949,0.8535323085627661,0.8978922570666269,0.8555206935695847,0.9254026592347052,0.8420066214755461,0.935936996342309
25,2025-03-22,0.6678738001730511,0.7659473950773924,0.7755334440007642,0.7519348618786807,0.7787735422170055,0.7281174933290738,0.7965498621789494,0.720659183590717,0.8719577930094902,0.8611798824918155,0.8882069897708875,0.8575969315441226,0.9172610276391265,0.8384582458480289,0.9267540265640405
25,2025-03-29,0.6736717385628147,0.758162390961543,0.7560356936916095,0.7514555660496022,0.7614469052322955,0.7268537990751833,0.7837047300536606,0.7203488646820198,0.8885586341317028,0.8910581129752964,0.8964891192493302,0.8847258212406771,0.926832520405018,0.8595989187365095,0.9352020549934378
25,2025-04-05,0.6819276367066184,0.7465301012223297,0.738003334416762,0.7516305114499549,0.7459389690646937,0.7273031951615215,0.7712451813918738,0.7224534711922334,0.9134630145389522,0.9240170130742569,0.907264442193979,0.9141869040059177,0.9376112207992898,0.8841904664816664,0.9439052671188125
25,2025-04-12,0.695763131982924,0.7432364872923234,0.7321291935029901,0.7501434990973629,0.7408919208845499,0.7302482924958592,0.7686071498457429,0.728981716949789,0.9361261777091313,0.9503283548275588,0.9275067141421955,0.9390885665918092,0.9527761161959435,0.9052259429574154,0.9544315252433787
25,2025-04-19,0.7133868382513181,0.7492633615198355,0.7425622155775259,0.7505017554662894,0.7501495230550002,0.7338550349769095,0.7776536147233204,0.7386309241676816,0.9521176062903383,0.9607098547244062,0.9505465284462771,0.9509928571920365,0.972108664858809,0.9173580945870513,0.9658231396894064
50,2024-11-30,0.5897750287787225,0.6690989165854384,0.7272634103327236,0.7045800169953,0.7062376490464325,0.6662943057879696,0.6818523305007043,0.6259634430815234,0.8814466951889214,0.8109510534964215,0.8370589777635669,0.8350942909586331,0.8851569398919682,0.8649600542475718,0.942187655361069
50,2024-12-07,0.593697488923589,0.6612795553803182,0.7052115011948997,0.7038066324969583,0.6789909974929058,0.6626501460223979,0.6503059515778812,0.619253472967091,0.897801064758669,0.8418715348766107,0.8435519949808867,0.8743819743056196,0.895944100348122,0.9129510309463733,0.9587309798666884
50,2024-12-14,0.5934207272612807,0.6547704823563355,0.6856191321149804,0.7075767826075864,0.6527206805202201,0.6627483170186173,0.6162641380035772,0.6150347393775207,0.9063034196742128,0.8655253324549326,0.8386661940410003,0.9091495718939421,0.8953937898036352,0.9629324354061897,0.9648572499528796
50,2024-12-21,0.6025772528360365,0.6525644633518154,0.6749293563933939,0.7191938736501466,0.63457779273877,0.6694409462441038,0.5897421867034424,0.6159743048337797,0.9233988160203731,0.8928004792323987,0.8378509257563023,0.9495719196780861,0.9001201020296027,1.0217638595677543,0.9782506317347792
50,2024-12-28,0.6188708354395731,0.6669782227938256,0.6879027322896547,0.7326391489213943,0.6398021236852431,0.6861036383254295,0.5864341026678792,0.635160096679871,0.9278726265563197,0.8996487532178977,0.8447143950069921,0.967284747157283,0.9020078030048766,1.0553118118883753,0.9743540859612473
50,2025-01-04,0.6235599917408424,0.6899036686623494,0.7129366969153952,0.7427515145915803,0.6679473026422131,0.698665911569926,0.6182753647372671,0.6515365723490321,0.9038363181193971,0.8746358469675476,0.839527055133266,0.9335466874021545,0.8925009527653668,1.008547367896214,0.9570606136393486
50,2025-01-11,0.6339510347120539,0.7059733659965347,0.7311741342377278,0.7496664062796435,0.6864209225012847,0.7081786036802561,0.6376574659222835,0.6648951706373089,0.8979815177831592,0.8670315387632906,0.8456441817343153,0.923560185785082,0.8951852419962182,0.9941874259954462,0.9534601283152732
50,2025-01-18,0.6616360962569311,0.7248656387025295,0.7491291998158791,0.7624710282988505,0.7058231680025647,0.7251809231525758,0.6590337841168288,0.6881249499554626,0.9127706721499782,0.8832069240119701,0.8677524413394535,0.9373963993408146,0.9123738299410904,1.0039486779021347,0.9615057502271267
50,2025-02-01,0.6981203299934193,0.7565339437216154,0.7712779394310713,0.7888524976009939,0.7347695838550147,0.7591066948701098,0.7023006967627373,0.727303682901091,0.9227878481686597,0.90514754059786,0.8849820874200143,0.9501214330765942,0.9196603517149512,0.9940476112460269,0.9598745976491357
50,2025-02-08,0.7022319932966163,0.755245709450207,0.7724735733360799,0.7895659641481388,0.7410352868399456,0.7561292398075787,0.7167786961114582,0.7247826599899344,0.9298060015565228,0.9090692776244611,0.889389899239455,0.9476363754433326,0.9287195314326446,0.9797054475896703,0.9688863049046575
50,2025-02-15,0.7003266474460885,0.7516755644261546,0.7693724142453672,0.7801339749764705,0.743537548601291,0.7489599421002281,0.7278566238788697,0.7213131763329097,0.9316873935907881,0.9102570282988355,0.897700484672791,0.9418847087998597,0.9350655596909997,0.9621766491784202,0.9709051081064195
50,2025-02-22,0.701360455798487,0.7522252329258791,0.772055291849648,0.7733805036230301,0.7511667252966461,0.7427468906485312,0.7434332693023438,0.72087811898868,0.9323809214302121,0.9084329363486465,0.906876307991793,0.9336947872944055,0.9442792216687605,0.9434074109390627,0.9729251552015834
50,2025-03-01,0.6997244984953126,0.7564162908154487,0.7778834892426676,0.7625105566403465,0.7641220128181679,0.7374059119542683,0.7642478825323736,0.7218852513476256,0.9250521267078741,0.8995235252731112,0.917658768658008,0.9157235189634833,0.9489000388414399,0.9155727015909294,0.9693015575384828
50,2025-03-08,0.6932234354594218,0.7585752114871424,0.785238940061543,0.7496485407026299,0.7768663349000531,0.7260940709488071,0.7833299153909918,0.7143515016901305,0.9138493124503736,0.8828184646638773,0.9247312544751678,0.8923329591165869,0.9547295084692919,0.8849699492370411,0.9704234313489641
50,2025-03-15,0.6856984848465323,0.7654244192781567,0.787042324578751,0.7481588653286044,0.785213095701312,0.725917572778371,0.7978156407571872,0.7177470864594564,0.8958408793557815,0.8712345745999607,0.9165145487454213,0.8732641987256995,0.9445955168464865,0.8594698446821031,0.955348336179231
50,2025-03-22,0.6808947533568226,0.7659473950773924,0.7755334440007642,0.7519348618786807,0.7787735422170055,0.7281174933290738,0.7965498621789494,0.720659183590717,0.8889575938671663,0.8779695558250504,0.905523587050656,0.8743167512065928,0.9351440661639084,0.8548049352419017,0.9448221418122137
50,2025-03-29,0.684289563276769,0.758162390961543,0.7560356936916095,0.7514555660496022,0.7614469052322955,0.7268537990751833,0.7837047300536606,0.7203488646820198,0.9025633181420614,0.9051021915850099,0.910618796629687,0.8986700958066302,0.941440443934432,0.8731471650425224,0.9499418918065926
50,2025-04-05,0.6907303663418719,0.7465301012223297,0.738003334416762,0.7516305114499549,0.7459389690646937,0.7273031951615215,0.7712451813918738,0.7224534711922334,0.9252545412581566,0.9359447771164211,0.9189759540354452,0.92598777512315,0.9497144670022694,0.8956041256495165,0.9560897606346742
50,2025-04-12,0.7036986876091845,0.7432364872923234,0.7321291935029901,0.7501434990973629,0.7408919208845499,0.7302482924958592,0.7686071498457429,0.728981716949789,0.9468032041494914,0.9611673647955831,0.9380854309287959,0.9497993806830011,0.9636430442090692,0.9155505354723993,0.9653173340939277
50,2025-04-19,0.7182963728590659,0.7492633615198355,0.7425622155775259,0.7505017554662894,0.7501495230550002,0.7338550349769095,0.7776536147233204,0.7386309241676816,0.9586700881810704,0.9673214685457874,0.9570881981652206,0.9575375985494043,0.9787987253935879,0.923671361207042,0.9724699431836956
75,2024-11-30,0.6082050124288958,0.6690989165854384,0.7272634103327236,0.7045800169953,0.7062376490464325,0.6662943057879696,0.6818523305007043,0.6259634430815234,0.9089911780648251,0.8362926056607763,0.8632163810472543,0.8611902993986499,0.9128173648574461,0.8919893431797364,0.9716302431892739
75,2024-12-07,0.6095041757748825,0.6612795553803182,0.7052115011948997,0.7038066324969583,0.6789909974929058,0.6626501460223979,0.6503059515778812,0.619253472967091,0.9217042487036236,0.8642856430193606,0.8660108439337798,0.8976616450371283,0.9197978442070409,0.9372575697577447,0.9842563705852214
75,2024-12-14,0.6091749161007189,0.6547704823563355,0.6856191321149804,0.7075767826075864,0.6527206805202201,0.6627483170186173,0.6162641380035772,0.6150347393775207,0.9303640474269229,0.8885033797431406,0.8609311824163683,0.9332857595613562,0.9191647876845632,0.9884964555526075,0.9904723702554874
75,2024-12-21,0.6147456748910651,0.6525644633518154,0.6749293563933939,0.7191938736501466,0.63457779273877,0.6694409462441038,0.5897421867034424,0.6159743048337797,0.9420458964827799,0.910829658049057,0.8547704553864282,0.9687475387972346,0.9182970930297791,1.0423973199668621,0.9980053876710878
75,2024-12-28,0.632865794560045,0.6669782227938256,0.6879027322896547,0.7326391489213943,0.6398021236852431,0.6861036383254295,0.5864341026678792,0.635160096679871,0.9488552593353182,0.9199931398056501,0.8638165125242931,0.9891586337893893,0.9224055364356879,1.079176316112813,0.9963878364969417
75,2025-01-04,0.642648053602723,0.6899036686623494,0.7129366969153952,0.7427515145915803,0.6679473026422131,0.698665911569926,0.6182753647372671,0.6515365723490321,0.9315040385982436,0.9014096993228371,0.8652261772311545,0.9621238847145376,0.9198216815225335,1.039420443148035,0.9863576058144171
75,2025-01-11,0.6553344739177211,0.7059733659965347,0.7311741342377278,0.7496664062796435,0.6864209225012847,0.7081786036802561,0.6376574659222835,0.6648951706373089,0.928270817968702,0.8962768829355925,0.8741681212179937,0.9547122653687681,0.9253802226049826,1.0277217925612623,0.9856207457328594
75,2025-01-18,0.6768831104996832,0.7248656387025295,0.7491291998158791,0.7624710282988505,0.7058231680025647,0.7251809231525758,0.6590337841168288,0.6881249499554626,0.9338049348169787,0.9035599075113444,0.8877492853858033,0.9589981473904008,0.9333989476130623,1.027084084022755,0.9836630840714219
75,2025-02-01,0.7081829748417104,0.7565339437216154,0.7712779394310713,0.7888524976009939,0.7347695838550147,0.7591066948701098,0.7023006967627373,0.727303682901091,0.9360888308037414,0.9181942573958456,0.8977381411548924,0.9638163995931678,0.9329162548920571,1.0083757258195636,0.9737101454194329
75,2025-02-08,0.7079499883890812,0.755245709450207,0.7724735733360799,0.7895659641481388,0.7410352868399456,0.7561292398075787,0.7167786961114582,0.7247826599899344,0.937377041048594,0.9164714662427339,0.8966318465270815,0.9553526005597485,0.9362817242317487,0.9876827983723945,0.9767755597228458
75,2025-02-15,0.7054318933473646,0.7516755644261546,0.7693724142453672,0.7801339749764705,0.743537548601291,0.7489599421002281,0.7278566238788697,0.7213131763329097,0.9384792146142287,0.9168926261013424,0.9042445476991833,0.948750866280245,0.9418820068923813,0.9691907309821541,0.9779828186887086
75,2025-02-22,0.7087305381730289,0.7522252329258791,0.772055291849648,0.7733805036230301,0.7511667252966461,0.7427468906485312,0.7434332693023438,0.72087811898868,0.9421786283562015,0.9179789914723476,0.9164060056503395,0.9435063006726522,0.9542019591010327,0.9533209871521074,0.9831489117290826
75,2025-03-01,0.7112505829217997,0.7564162908154487,0.7778834892426676,0.7625105566403465,0.7641220128181679,0.7374059119542683,0.7642478825323736,0.7218852513476256,0.9402898794723756,0.9143407627976003,0.9327747356778896,0.9308076079350567,0.9645306219973855,0.9306543062507877,0.9852682009973566
75,2025-03-08,0.7069401445080251,0.7585752114871424,0.785238940061543,0.7496485407026299,0.7768663349000531,0.7260940709488071,0.7833299153909918,0.7143515016901305,0.9319315129242232,0.9002866623662585,0.943028774317929,0.9099894187060837,0.9736205993036784,0.9024807180447877,0.9896250555019898
75,2025-03-15,0.7014803192621054,0.7654244192781567,0.787042324578751,0.7481588653286044,0.785213095701312,0.725917572778371,0.7978156407571872,0.7177470864594564,0.9164592892445806,0.8912866530241039,0.9376087777212972,0.893362990381075,0.9663360491154187,0.8792511495467144,0.9773363521716366
75,2025-03-22,0.7016944854663453,0.7659473950773924,0.7755334440007642,0.7519348618786807,0.7787735422170055,0.7281174933290738,0.7965498621789494,0.720659183590717,0.9161131560417998,0.9047894592997769,0.9331852013260673,0.9010250700977434,0.9637105163592236,0.8809172140798207,0.9736842344395318
75,2025-03-29,0.7015105717733409,0.758162390961543,0.7560356936916095,0.7514555660496022,0.7614469052322955,0.7268537990751833,0.7837047300536606,0.7203488646820198,0.9252774605235256,0.9278802279135385,0.9335356652705071,0.9212862603457954,0.9651329781393616,0.8951210128913069,0.9738483756519911
75,2025-04-05,0.7055371683257301,0.7465301012223297,0.738003334416762,0.7516305114499549,0.7459389690646937,0.7273031951615215,0.7712451813918738,0.7224534711922334,0.9450887073013133,0.956008103789003,0.9386755295027779,0.9458376590921078,0.9700729668443742,0.9148026922546734,0.9765849240940222
75,2025-04-12,0.7065400843438364,0.7432364872923234,0.7321291935029901,0.7501434990973629,0.7408919208845499,0.7302482924958592,0.7686071498457429,0.728981716949789,0.9506262090520136,0.9650483693503349,0.9418732351796771,0.9536344835563858,0.9675340450698044,0.9192473482527932,0.9692150954075323
75,2025-04-19,0.7185340068987813,0.7492633615198355,0.7425622155775259,0.7505017554662894,0.7501495230550002,0.7338550349769095,0.7776536147233204,0.7386309241676816,0.9589872450739864,0.9676414875754799,0.957404831721351,0.9578543807806956,0.9791225414449731,0.9239769394686437,0.9727916654836158
