week,k,scenario,posterior_value
2023-11-04,0.05,A-2023-08-14,0.14814814814814814
2023-11-04,0.05,B-2023-08-14,0.16296296296296298
2023-11-04,0.05,C-2023-08-14,0.18888888888888888
2023-11-04,0.05,D-2023-08-14,0.16666666666666666
2023-11-04,0.05,E-2023-08-14,0.2
2023-11-04,0.05,F-2023-08-14,0.13333333333333333
2023-11-11,0.05,A-2023-08-14,0.17037037037037037
2023-11-11,0.05,B-2023-08-14,0.1814814814814815
2023-11-11,0.05,C-2023-08-14,0.17777777777777778
2023-11-11,0.05,D-2023-08-14,0.16296296296296298
2023-11-11,0.05,E-2023-08-14,0.14444444444444443
2023-11-11,0.05,F-2023-08-14,0.16296296296296298
2023-11-18,0.05,A-2023-08-14,0.1814814814814815
2023-11-18,0.05,B-2023-08-14,0.2037037037037037
2023-11-18,0.05,C-2023-08-14,0.15555555555555556
2023-11-18,0.05,D-2023-08-14,0.17407407407407408
2023-11-18,0.05,E-2023-08-14,0.11481481481481481
2023-11-18,0.05,F-2023-08-14,0.17037037037037037
2023-11-25,0.05,A-2023-08-14,0.16296296296296298
2023-11-25,0.05,B-2023-08-14,0.2074074074074074
2023-11-25,0.05,C-2023-08-14,0.15925925925925927
2023-11-25,0.05,D-2023-08-14,0.1925925925925926
2023-11-25,0.05,E-2023-08-14,0.11851851851851852
2023-11-25,0.05,F-2023-08-14,0.15925925925925927
2023-12-02,0.05,A-2023-08-14,0.17037037037037037
2023-12-02,0.05,B-2023-08-14,0.2074074074074074
2023-12-02,0.05,C-2023-08-14,0.14074074074074075
2023-12-02,0.05,D-2023-08-14,0.2037037037037037
2023-12-02,0.05,E-2023-08-14,0.11851851851851852
2023-12-02,0.05,F-2023-08-14,0.15925925925925927
2023-12-09,0.05,A-2023-08-14,0.17037037037037037
2023-12-09,0.05,B-2023-08-14,0.23703703703703705
2023-12-09,0.05,C-2023-08-14,0.12962962962962962
2023-12-09,0.05,D-2023-08-14,0.1925925925925926
2023-12-09,0.05,E-2023-08-14,0.1037037037037037
2023-12-09,0.05,F-2023-08-14,0.16666666666666666
2023-12-16,0.05,A-2023-08-14,0.17037037037037037
2023-12-16,0.05,B-2023-08-14,0.24074074074074073
2023-12-16,0.05,C-2023-08-14,0.1259259259259259
2023-12-16,0.05,D-2023-08-14,0.2111111111111111
2023-12-16,0.05,E-2023-08-14,0.0962962962962963
2023-12-16,0.05,F-2023-08-14,0.15555555555555556
2023-12-23,0.05,A-2023-08-14,0.17407407407407408
2023-12-23,0.05,B-2023-08-14,0.23333333333333334
2023-12-23,0.05,C-2023-08-14,0.1
2023-12-23,0.05,D-2023-08-14,0.22962962962962963
2023-12-23,0.05,E-2023-08-14,0.07407407407407407
2023-12-23,0.05,F-2023-08-14,0.18888888888888888
2023-12-30,0.05,A-2023-08-14,0.13703703703703704
2023-12-30,0.05,B-2023-08-14,0.2037037037037037
2023-12-30,0.05,C-2023-08-14,0.10740740740740741
2023-12-30,0.05,D-2023-08-14,0.2
2023-12-30,0.05,E-2023-08-14,0.1
2023-12-30,0.05,F-2023-08-14,0.2518518518518518
2024-01-06,0.05,A-2023-08-14,0.13333333333333333
2024-01-06,0.05,B-2023-08-14,0.16296296296296298
2024-01-06,0.05,C-2023-08-14,0.12962962962962962
2024-01-06,0.05,D-2023-08-14,0.18888888888888888
2024-01-06,0.05,E-2023-08-14,0.12222222222222222
2024-01-06,0.05,F-2023-08-14,0.26296296296296295
2024-01-13,0.05,A-2023-08-14,0.1814814814814815
2024-01-13,0.05,B-2023-08-14,0.16666666666666666
2024-01-13,0.05,C-2023-08-14,0.1
2024-01-13,0.05,D-2023-08-14,0.2074074074074074
2024-01-13,0.05,E-2023-08-14,0.08888888888888889
2024-01-13,0.05,F-2023-08-14,0.25555555555555554
2024-01-20,0.05,A-2023-08-14,0.2074074074074074
2024-01-20,0.05,B-2023-08-14,0.16666666666666666
2024-01-20,0.05,C-2023-08-14,0.05925925925925926
2024-01-20,0.05,D-2023-08-14,0.2222222222222222
2024-01-20,0.05,E-2023-08-14,0.1037037037037037
2024-01-20,0.05,F-2023-08-14,0.24074074074074073
2024-01-27,0.05,A-2023-08-14,0.18518518518518517
2024-01-27,0.05,B-2023-08-14,0.2111111111111111
2024-01-27,0.05,C-2023-08-14,0.04814814814814815
2024-01-27,0.05,D-2023-08-14,0.3111111111111111
2024-01-27,0.05,E-2023-08-14,0.07777777777777778
2024-01-27,0.05,F-2023-08-14,0.16666666666666666
2024-02-03,0.05,A-2023-08-14,0.1814814814814815
2024-02-03,0.05,B-2023-08-14,0.25555555555555554
2024-02-03,0.05,C-2023-08-14,0.040740740740740744
2024-02-03,0.05,D-2023-08-14,0.3111111111111111
2024-02-03,0.05,E-2023-08-14,0.06666666666666667
2024-02-03,0.05,F-2023-08-14,0.14444444444444443
2024-02-10,0.05,A-2023-08-14,0.17037037037037037
2024-02-10,0.05,B-2023-08-14,0.3037037037037037
2024-02-10,0.05,C-2023-08-14,0.04814814814814815
2024-02-10,0.05,D-2023-08-14,0.2814814814814815
2024-02-10,0.05,E-2023-08-14,0.05555555555555555
2024-02-10,0.05,F-2023-08-14,0.14074074074074075
2024-02-17,0.05,A-2023-08-14,0.15925925925925927
2024-02-17,0.05,B-2023-08-14,0.34814814814814815
2024-02-17,0.05,C-2023-08-14,0.04814814814814815
2024-02-17,0.05,D-2023-08-14,0.25925925925925924
2024-02-17,0.05,E-2023-08-14,0.04814814814814815
2024-02-17,0.05,F-2023-08-14,0.13703703703703704
2024-02-24,0.05,A-2023-08-14,0.16666666666666666
2024-02-24,0.05,B-2023-08-14,0.36666666666666664
2024-02-24,0.05,C-2023-08-14,0.04814814814814815
2024-02-24,0.05,D-2023-08-14,0.24074074074074073
2024-02-24,0.05,E-2023-08-14,0.04814814814814815
2024-02-24,0.05,F-2023-08-14,0.12962962962962962
2024-03-02,0.05,A-2023-08-14,0.16666666666666666
2024-03-02,0.05,B-2023-08-14,0.362962962962963
2024-03-02,0.05,C-2023-08-14,0.044444444444444446
2024-03-02,0.05,D-2023-08-14,0.2518518518518518
2024-03-02,0.05,E-2023-08-14,0.044444444444444446
2024-03-02,0.05,F-2023-08-14,0.12962962962962962
2024-03-09,0.05,A-2023-08-14,0.17407407407407408
2024-03-09,0.05,B-2023-08-14,0.36666666666666664
2024-03-09,0.05,C-2023-08-14,0.05555555555555555
2024-03-09,0.05,D-2023-08-14,0.23333333333333334
2024-03-09,0.05,E-2023-08-14,0.05185185185185185
2024-03-09,0.05,F-2023-08-14,0.11851851851851852
2024-03-16,0.05,A-2023-08-14,0.1814814814814815
2024-03-16,0.05,B-2023-08-14,0.3592592592592593
2024-03-16,0.05,C-2023-08-14,0.05925925925925926
2024-03-16,0.05,D-2023-08-14,0.22962962962962963
2024-03-16,0.05,E-2023-08-14,0.05555555555555555
2024-03-16,0.05,F-2023-08-14,0.11481481481481481
2024-03-23,0.05,A-2023-08-14,0.17407407407407408
2024-03-23,0.05,B-2023-08-14,0.35555555555555557
2024-03-23,0.05,C-2023-08-14,0.06666666666666667
2024-03-23,0.05,D-2023-08-14,0.22962962962962963
2024-03-23,0.05,E-2023-08-14,0.05555555555555555
2024-03-23,0.05,F-2023-08-14,0.11851851851851852
2024-03-30,0.05,A-2023-08-14,0.17777777777777778
2024-03-30,0.05,B-2023-08-14,0.34814814814814815
2024-03-30,0.05,C-2023-08-14,0.06666666666666667
2024-03-30,0.05,D-2023-08-14,0.23703703703703705
2024-03-30,0.05,E-2023-08-14,0.05555555555555555
2024-03-30,0.05,F-2023-08-14,0.11481481481481481
2024-04-06,0.05,A-2023-08-14,0.1814814814814815
2024-04-06,0.05,B-2023-08-14,0.34814814814814815
2024-04-06,0.05,C-2023-08-14,0.06666666666666667
2024-04-06,0.05,D-2023-08-14,0.22962962962962963
2024-04-06,0.05,E-2023-08-14,0.05925925925925926
2024-04-06,0.05,F-2023-08-14,0.11481481481481481
2024-04-13,0.05,A-2023-08-14,0.1814814814814815
2024-04-13,0.05,B-2023-08-14,0.34814814814814815
2024-04-13,0.05,C-2023-08-14,0.06666666666666667
2024-04-13,0.05,D-2023-08-14,0.22592592592592592
2024-04-13,0.05,E-2023-08-14,0.06296296296296296
2024-04-13,0.05,F-2023-08-14,0.11481481481481481
2024-04-20,0.05,A-2023-08-14,0.17777777777777778
2024-04-20,0.05,B-2023-08-14,0.34814814814814815
2024-04-20,0.05,C-2023-08-14,0.06666666666666667
2024-04-20,0.05,D-2023-08-14,0.22592592592592592
2024-04-20,0.05,E-2023-08-14,0.06666666666666667
2024-04-20,0.05,F-2023-08-14,0.11481481481481481
2023-11-04,0.15,A-2023-08-14,0.15308641975308643
2023-11-04,0.15,B-2023-08-14,0.1728395061728395
2023-11-04,0.15,C-2023-08-14,0.1617283950617284
2023-11-04,0.15,D-2023-08-14,0.14814814814814814
2023-11-04,0.15,E-2023-08-14,0.2
2023-11-04,0.15,F-2023-08-14,0.16419753086419753
2023-11-11,0.15,A-2023-08-14,0.16049382716049382
2023-11-11,0.15,B-2023-08-14,0.1814814814814815
2023-11-11,0.15,C-2023-08-14,0.15679012345679014
2023-11-11,0.15,D-2023-08-14,0.1654320987654321
2023-11-11,0.15,E-2023-08-14,0.1765432098765432
2023-11-11,0.15,F-2023-08-14,0.15925925925925927
2023-11-18,0.15,A-2023-08-14,0.14320987654320988
2023-11-18,0.15,B-2023-08-14,0.2
2023-11-18,0.15,C-2023-08-14,0.15555555555555556
2023-11-18,0.15,D-2023-08-14,0.17530864197530865
2023-11-18,0.15,E-2023-08-14,0.1617283950617284
2023-11-18,0.15,F-2023-08-14,0.16419753086419753
2023-11-25,0.15,A-2023-08-14,0.12345679012345678
2023-11-25,0.15,B-2023-08-14,0.22592592592592592
2023-11-25,0.15,C-2023-08-14,0.1382716049382716
2023-11-25,0.15,D-2023-08-14,0.19135802469135801
2023-11-25,0.15,E-2023-08-14,0.145679012345679
2023-11-25,0.15,F-2023-08-14,0.17530864197530865
2023-12-02,0.15,A-2023-08-14,0.12345679012345678
2023-12-02,0.15,B-2023-08-14,0.2271604938271605
2023-12-02,0.15,C-2023-08-14,0.11481481481481481
2023-12-02,0.15,D-2023-08-14,0.19753086419753085
2023-12-02,0.15,E-2023-08-14,0.13950617283950617
2023-12-02,0.15,F-2023-08-14,0.19753086419753085
2023-12-09,0.15,A-2023-08-14,0.12839506172839507
2023-12-09,0.15,B-2023-08-14,0.2222222222222222
2023-12-09,0.15,C-2023-08-14,0.11728395061728394
2023-12-09,0.15,D-2023-08-14,0.19753086419753085
2023-12-09,0.15,E-2023-08-14,0.13950617283950617
2023-12-09,0.15,F-2023-08-14,0.19506172839506172
2023-12-16,0.15,A-2023-08-14,0.1308641975308642
2023-12-16,0.15,B-2023-08-14,0.2271604938271605
2023-12-16,0.15,C-2023-08-14,0.11481481481481481
2023-12-16,0.15,D-2023-08-14,0.2123456790123457
2023-12-16,0.15,E-2023-08-14,0.12839506172839507
2023-12-16,0.15,F-2023-08-14,0.18641975308641975
2023-12-23,0.15,A-2023-08-14,0.1308641975308642
2023-12-23,0.15,B-2023-08-14,0.2074074074074074
2023-12-23,0.15,C-2023-08-14,0.1259259259259259
2023-12-23,0.15,D-2023-08-14,0.21975308641975308
2023-12-23,0.15,E-2023-08-14,0.10617283950617284
2023-12-23,0.15,F-2023-08-14,0.20987654320987653
2023-12-30,0.15,A-2023-08-14,0.14320987654320988
2023-12-30,0.15,B-2023-08-14,0.16666666666666666
2023-12-30,0.15,C-2023-08-14,0.11851851851851852
2023-12-30,0.15,D-2023-08-14,0.19506172839506172
2023-12-30,0.15,E-2023-08-14,0.1037037037037037
2023-12-30,0.15,F-2023-08-14,0.27283950617283953
2024-01-06,0.15,A-2023-08-14,0.15555555555555556
2024-01-06,0.15,B-2023-08-14,0.14814814814814814
2024-01-06,0.15,C-2023-08-14,0.13580246913580246
2024-01-06,0.15,D-2023-08-14,0.1925925925925926
2024-01-06,0.15,E-2023-08-14,0.10987654320987654
2024-01-06,0.15,F-2023-08-14,0.2580246913580247
2024-01-13,0.15,A-2023-08-14,0.19506172839506172
2024-01-13,0.15,B-2023-08-14,0.14074074074074075
2024-01-13,0.15,C-2023-08-14,0.10246913580246914
2024-01-13,0.15,D-2023-08-14,0.2123456790123457
2024-01-13,0.15,E-2023-08-14,0.10123456790123457
2024-01-13,0.15,F-2023-08-14,0.24814814814814815
2024-01-20,0.15,A-2023-08-14,0.19506172839506172
2024-01-20,0.15,B-2023-08-14,0.16296296296296298
2024-01-20,0.15,C-2023-08-14,0.09876543209876543
2024-01-20,0.15,D-2023-08-14,0.22469135802469137
2024-01-20,0.15,E-2023-08-14,0.09259259259259259
2024-01-20,0.15,F-2023-08-14,0.22592592592592592
2024-01-27,0.15,A-2023-08-14,0.1728395061728395
2024-01-27,0.15,B-2023-08-14,0.21728395061728395
2024-01-27,0.15,C-2023-08-14,0.07160493827160494
2024-01-27,0.15,D-2023-08-14,0.2654320987654321
2024-01-27,0.15,E-2023-08-14,0.07654320987654321
2024-01-27,0.15,F-2023-08-14,0.1962962962962963
2024-02-03,0.15,A-2023-08-14,0.16419753086419753
2024-02-03,0.15,B-2023-08-14,0.25555555555555554
2024-02-03,0.15,C-2023-08-14,0.06296296296296296
2024-02-03,0.15,D-2023-08-14,0.2851851851851852
2024-02-03,0.15,E-2023-08-14,0.06172839506172839
2024-02-03,0.15,F-2023-08-14,0.17037037037037037
2024-02-10,0.15,A-2023-08-14,0.16296296296296298
2024-02-10,0.15,B-2023-08-14,0.29012345679012347
2024-02-10,0.15,C-2023-08-14,0.05802469135802469
2024-02-10,0.15,D-2023-08-14,0.27283950617283953
2024-02-10,0.15,E-2023-08-14,0.05802469135802469
2024-02-10,0.15,F-2023-08-14,0.1580246913580247
2024-02-17,0.15,A-2023-08-14,0.16419753086419753
2024-02-17,0.15,B-2023-08-14,0.32098765432098764
2024-02-17,0.15,C-2023-08-14,0.05925925925925926
2024-02-17,0.15,D-2023-08-14,0.254320987654321
2024-02-17,0.15,E-2023-08-14,0.056790123456790124
2024-02-17,0.15,F-2023-08-14,0.14444444444444443
2024-02-24,0.15,A-2023-08-14,0.16419753086419753
2024-02-24,0.15,B-2023-08-14,0.34074074074074073
2024-02-24,0.15,C-2023-08-14,0.06172839506172839
2024-02-24,0.15,D-2023-08-14,0.23209876543209876
2024-02-24,0.15,E-2023-08-14,0.05555555555555555
2024-02-24,0.15,F-2023-08-14,0.145679012345679
2024-03-02,0.15,A-2023-08-14,0.16049382716049382
2024-03-02,0.15,B-2023-08-14,0.3493827160493827
2024-03-02,0.15,C-2023-08-14,0.06419753086419754
2024-03-02,0.15,D-2023-08-14,0.2271604938271605
2024-03-02,0.15,E-2023-08-14,0.056790123456790124
2024-03-02,0.15,F-2023-08-14,0.1419753086419753
2024-03-09,0.15,A-2023-08-14,0.15555555555555556
2024-03-09,0.15,B-2023-08-14,0.34814814814814815
2024-03-09,0.15,C-2023-08-14,0.07037037037037037
2024-03-09,0.15,D-2023-08-14,0.22839506172839505
2024-03-09,0.15,E-2023-08-14,0.05925925925925926
2024-03-09,0.15,F-2023-08-14,0.1382716049382716
2024-03-16,0.15,A-2023-08-14,0.16296296296296298
2024-03-16,0.15,B-2023-08-14,0.345679012345679
2024-03-16,0.15,C-2023-08-14,0.0691358024691358
2024-03-16,0.15,D-2023-08-14,0.2234567901234568
2024-03-16,0.15,E-2023-08-14,0.06172839506172839
2024-03-16,0.15,F-2023-08-14,0.13703703703703704
2024-03-23,0.15,A-2023-08-14,0.15925925925925927
2024-03-23,0.15,B-2023-08-14,0.3469135802469136
2024-03-23,0.15,C-2023-08-14,0.06666666666666667
2024-03-23,0.15,D-2023-08-14,0.2271604938271605
2024-03-23,0.15,E-2023-08-14,0.06172839506172839
2024-03-23,0.15,F-2023-08-14,0.1382716049382716
2024-03-30,0.15,A-2023-08-14,0.15925925925925927
2024-03-30,0.15,B-2023-08-14,0.34814814814814815
2024-03-30,0.15,C-2023-08-14,0.06172839506172839
2024-03-30,0.15,D-2023-08-14,0.22839506172839505
2024-03-30,0.15,E-2023-08-14,0.06049382716049383
2024-03-30,0.15,F-2023-08-14,0.1419753086419753
2024-04-06,0.15,A-2023-08-14,0.1580246913580247
2024-04-06,0.15,B-2023-08-14,0.34814814814814815
2024-04-06,0.15,C-2023-08-14,0.06172839506172839
2024-04-06,0.15,D-2023-08-14,0.2308641975308642
2024-04-06,0.15,E-2023-08-14,0.06172839506172839
2024-04-06,0.15,F-2023-08-14,0.13950617283950617
2024-04-13,0.15,A-2023-08-14,0.1580246913580247
2024-04-13,0.15,B-2023-08-14,0.3493827160493827
2024-04-13,0.15,C-2023-08-14,0.05925925925925926
2024-04-13,0.15,D-2023-08-14,0.2308641975308642
2024-04-13,0.15,E-2023-08-14,0.06049382716049383
2024-04-13,0.15,F-2023-08-14,0.1419753086419753
2024-04-20,0.15,A-2023-08-14,0.16296296296296298
2024-04-20,0.15,B-2023-08-14,0.3432098765432099
2024-04-20,0.15,C-2023-08-14,0.05802469135802469
2024-04-20,0.15,D-2023-08-14,0.23209876543209876
2024-04-20,0.15,E-2023-08-14,0.06049382716049383
2024-04-20,0.15,F-2023-08-14,0.14320987654320988
2023-11-04,0.25,A-2023-08-14,0.16444444444444445
2023-11-04,0.25,B-2023-08-14,0.16518518518518518
2023-11-04,0.25,C-2023-08-14,0.1562962962962963
2023-11-04,0.25,D-2023-08-14,0.16814814814814816
2023-11-04,0.25,E-2023-08-14,0.18888888888888888
2023-11-04,0.25,F-2023-08-14,0.15703703703703703
2023-11-11,0.25,A-2023-08-14,0.1437037037037037
2023-11-11,0.25,B-2023-08-14,0.1837037037037037
2023-11-11,0.25,C-2023-08-14,0.14074074074074075
2023-11-11,0.25,D-2023-08-14,0.19185185185185186
2023-11-11,0.25,E-2023-08-14,0.16962962962962963
2023-11-11,0.25,F-2023-08-14,0.17037037037037037
2023-11-18,0.25,A-2023-08-14,0.13333333333333333
2023-11-18,0.25,B-2023-08-14,0.1948148148148148
2023-11-18,0.25,C-2023-08-14,0.1362962962962963
2023-11-18,0.25,D-2023-08-14,0.2
2023-11-18,0.25,E-2023-08-14,0.15259259259259259
2023-11-18,0.25,F-2023-08-14,0.18296296296296297
2023-11-25,0.25,A-2023-08-14,0.1237037037037037
2023-11-25,0.25,B-2023-08-14,0.21259259259259258
2023-11-25,0.25,C-2023-08-14,0.12814814814814815
2023-11-25,0.25,D-2023-08-14,0.20222222222222222
2023-11-25,0.25,E-2023-08-14,0.14444444444444443
2023-11-25,0.25,F-2023-08-14,0.18888888888888888
2023-12-02,0.25,A-2023-08-14,0.12518518518518518
2023-12-02,0.25,B-2023-08-14,0.2162962962962963
2023-12-02,0.25,C-2023-08-14,0.12148148148148148
2023-12-02,0.25,D-2023-08-14,0.20074074074074075
2023-12-02,0.25,E-2023-08-14,0.13703703703703704
2023-12-02,0.25,F-2023-08-14,0.19925925925925925
2023-12-09,0.25,A-2023-08-14,0.12296296296296297
2023-12-09,0.25,B-2023-08-14,0.20814814814814814
2023-12-09,0.25,C-2023-08-14,0.12666666666666668
2023-12-09,0.25,D-2023-08-14,0.2051851851851852
2023-12-09,0.25,E-2023-08-14,0.1362962962962963
2023-12-09,0.25,F-2023-08-14,0.20074074074074075
2023-12-16,0.25,A-2023-08-14,0.12666666666666668
2023-12-16,0.25,B-2023-08-14,0.20592592592592593
2023-12-16,0.25,C-2023-08-14,0.1237037037037037
2023-12-16,0.25,D-2023-08-14,0.21037037037037037
2023-12-16,0.25,E-2023-08-14,0.12962962962962962
2023-12-16,0.25,F-2023-08-14,0.2037037037037037
2023-12-23,0.25,A-2023-08-14,0.13555555555555557
2023-12-23,0.25,B-2023-08-14,0.19185185185185186
2023-12-23,0.25,C-2023-08-14,0.12222222222222222
2023-12-23,0.25,D-2023-08-14,0.21925925925925926
2023-12-23,0.25,E-2023-08-14,0.12074074074074075
2023-12-23,0.25,F-2023-08-14,0.21037037037037037
2023-12-30,0.25,A-2023-08-14,0.13925925925925925
2023-12-30,0.25,B-2023-08-14,0.17185185185185184
2023-12-30,0.25,C-2023-08-14,0.13555555555555557
2023-12-30,0.25,D-2023-08-14,0.20592592592592593
2023-12-30,0.25,E-2023-08-14,0.10148148148148148
2023-12-30,0.25,F-2023-08-14,0.24592592592592594
2024-01-06,0.25,A-2023-08-14,0.15851851851851853
2024-01-06,0.25,B-2023-08-14,0.1511111111111111
2024-01-06,0.25,C-2023-08-14,0.14814814814814814
2024-01-06,0.25,D-2023-08-14,0.20444444444444446
2024-01-06,0.25,E-2023-08-14,0.1
2024-01-06,0.25,F-2023-08-14,0.23777777777777778
2024-01-13,0.25,A-2023-08-14,0.1814814814814815
2024-01-13,0.25,B-2023-08-14,0.15185185185185185
2024-01-13,0.25,C-2023-08-14,0.11259259259259259
2024-01-13,0.25,D-2023-08-14,0.21703703703703703
2024-01-13,0.25,E-2023-08-14,0.0962962962962963
2024-01-13,0.25,F-2023-08-14,0.24074074074074073
2024-01-20,0.25,A-2023-08-14,0.1837037037037037
2024-01-20,0.25,B-2023-08-14,0.16444444444444445
2024-01-20,0.25,C-2023-08-14,0.10148148148148148
2024-01-20,0.25,D-2023-08-14,0.24
2024-01-20,0.25,E-2023-08-14,0.08814814814814814
2024-01-20,0.25,F-2023-08-14,0.2222222222222222
2024-01-27,0.25,A-2023-08-14,0.16814814814814816
2024-01-27,0.25,B-2023-08-14,0.1948148148148148
2024-01-27,0.25,C-2023-08-14,0.08962962962962963
2024-01-27,0.25,D-2023-08-14,0.26296296296296295
2024-01-27,0.25,E-2023-08-14,0.08148148148148149
2024-01-27,0.25,F-2023-08-14,0.20296296296296296
2024-02-03,0.25,A-2023-08-14,0.16148148148148148
2024-02-03,0.25,B-2023-08-14,0.22962962962962963
2024-02-03,0.25,C-2023-08-14,0.0837037037037037
2024-02-03,0.25,D-2023-08-14,0.2814814814814815
2024-02-03,0.25,E-2023-08-14,0.07185185185185185
2024-02-03,0.25,F-2023-08-14,0.17185185185185184
2024-02-10,0.25,A-2023-08-14,0.16074074074074074
2024-02-10,0.25,B-2023-08-14,0.26814814814814814
2024-02-10,0.25,C-2023-08-14,0.07111111111111111
2024-02-10,0.25,D-2023-08-14,0.2733333333333333
2024-02-10,0.25,E-2023-08-14,0.0637037037037037
2024-02-10,0.25,F-2023-08-14,0.16296296296296298
2024-02-17,0.25,A-2023-08-14,0.16296296296296298
2024-02-17,0.25,B-2023-08-14,0.2992592592592593
2024-02-17,0.25,C-2023-08-14,0.06888888888888889
2024-02-17,0.25,D-2023-08-14,0.26
2024-02-17,0.25,E-2023-08-14,0.057777777777777775
2024-02-17,0.25,F-2023-08-14,0.1511111111111111
2024-02-24,0.25,A-2023-08-14,0.16666666666666666
2024-02-24,0.25,B-2023-08-14,0.3022222222222222
2024-02-24,0.25,C-2023-08-14,0.07111111111111111
2024-02-24,0.25,D-2023-08-14,0.2577777777777778
2024-02-24,0.25,E-2023-08-14,0.06
2024-02-24,0.25,F-2023-08-14,0.14222222222222222
2024-03-02,0.25,A-2023-08-14,0.16962962962962963
2024-03-02,0.25,B-2023-08-14,0.30444444444444446
2024-03-02,0.25,C-2023-08-14,0.07555555555555556
2024-03-02,0.25,D-2023-08-14,0.24666666666666667
2024-03-02,0.25,E-2023-08-14,0.06222222222222222
2024-03-02,0.25,F-2023-08-14,0.14148148148148149
2024-03-09,0.25,A-2023-08-14,0.16962962962962963
2024-03-09,0.25,B-2023-08-14,0.3
2024-03-09,0.25,C-2023-08-14,0.07703703703703704
2024-03-09,0.25,D-2023-08-14,0.2474074074074074
2024-03-09,0.25,E-2023-08-14,0.06444444444444444
2024-03-09,0.25,F-2023-08-14,0.14148148148148149
2024-03-16,0.25,A-2023-08-14,0.1674074074074074
2024-03-16,0.25,B-2023-08-14,0.2985185185185185
2024-03-16,0.25,C-2023-08-14,0.07629629629629629
2024-03-16,0.25,D-2023-08-14,0.25333333333333335
2024-03-16,0.25,E-2023-08-14,0.0637037037037037
2024-03-16,0.25,F-2023-08-14,0.14074074074074075
2024-03-23,0.25,A-2023-08-14,0.1674074074074074
2024-03-23,0.25,B-2023-08-14,0.30148148148148146
2024-03-23,0.25,C-2023-08-14,0.07925925925925927
2024-03-23,0.25,D-2023-08-14,0.24814814814814815
2024-03-23,0.25,E-2023-08-14,0.06444444444444444
2024-03-23,0.25,F-2023-08-14,0.13925925925925925
2024-03-30,0.25,A-2023-08-14,0.1711111111111111
2024-03-30,0.25,B-2023-08-14,0.29777777777777775
2024-03-30,0.25,C-2023-08-14,0.07925925925925927
2024-03-30,0.25,D-2023-08-14,0.24814814814814815
2024-03-30,0.25,E-2023-08-14,0.06444444444444444
2024-03-30,0.25,F-2023-08-14,0.13925925925925925
2024-04-06,0.25,A-2023-08-14,0.16814814814814816
2024-04-06,0.25,B-2023-08-14,0.29777777777777775
2024-04-06,0.25,C-2023-08-14,0.07925925925925927
2024-04-06,0.25,D-2023-08-14,0.24888888888888888
2024-04-06,0.25,E-2023-08-14,0.06444444444444444
2024-04-06,0.25,F-2023-08-14,0.14148148148148149
2024-04-13,0.25,A-2023-08-14,0.1674074074074074
2024-04-13,0.25,B-2023-08-14,0.2985185185185185
2024-04-13,0.25,C-2023-08-14,0.07925925925925927
2024-04-13,0.25,D-2023-08-14,0.24814814814814815
2024-04-13,0.25,E-2023-08-14,0.06518518518518518
2024-04-13,0.25,F-2023-08-14,0.14148148148148149
2024-04-20,0.25,A-2023-08-14,0.1688888888888889
2024-04-20,0.25,B-2023-08-14,0.29777777777777775
2024-04-20,0.25,C-2023-08-14,0.07851851851851852
2024-04-20,0.25,D-2023-08-14,0.24888888888888888
2024-04-20,0.25,E-2023-08-14,0.06518518518518518
2024-04-20,0.25,F-2023-08-14,0.14074074074074075
2023-11-04,0.5,A-2023-08-14,0.16777777777777778
2023-11-04,0.5,B-2023-08-14,0.16037037037037036
2023-11-04,0.5,C-2023-08-14,0.15925925925925927
2023-11-04,0.5,D-2023-08-14,0.17814814814814814
2023-11-04,0.5,E-2023-08-14,0.16111111111111112
2023-11-04,0.5,F-2023-08-14,0.17333333333333334
2023-11-11,0.5,A-2023-08-14,0.15555555555555556
2023-11-11,0.5,B-2023-08-14,0.17407407407407408
2023-11-11,0.5,C-2023-08-14,0.14148148148148149
2023-11-11,0.5,D-2023-08-14,0.1937037037037037
2023-11-11,0.5,E-2023-08-14,0.1474074074074074
2023-11-11,0.5,F-2023-08-14,0.18777777777777777
2023-11-18,0.5,A-2023-08-14,0.14666666666666667
2023-11-18,0.5,B-2023-08-14,0.19148148148148147
2023-11-18,0.5,C-2023-08-14,0.1337037037037037
2023-11-18,0.5,D-2023-08-14,0.1988888888888889
2023-11-18,0.5,E-2023-08-14,0.14222222222222222
2023-11-18,0.5,F-2023-08-14,0.18703703703703703
2023-11-25,0.5,A-2023-08-14,0.13925925925925925
2023-11-25,0.5,B-2023-08-14,0.19666666666666666
2023-11-25,0.5,C-2023-08-14,0.13518518518518519
2023-11-25,0.5,D-2023-08-14,0.20148148148148148
2023-11-25,0.5,E-2023-08-14,0.13518518518518519
2023-11-25,0.5,F-2023-08-14,0.1922222222222222
2023-12-02,0.5,A-2023-08-14,0.13962962962962963
2023-12-02,0.5,B-2023-08-14,0.19814814814814816
2023-12-02,0.5,C-2023-08-14,0.13407407407407407
2023-12-02,0.5,D-2023-08-14,0.19962962962962963
2023-12-02,0.5,E-2023-08-14,0.13592592592592592
2023-12-02,0.5,F-2023-08-14,0.1925925925925926
2023-12-09,0.5,A-2023-08-14,0.1374074074074074
2023-12-09,0.5,B-2023-08-14,0.1988888888888889
2023-12-09,0.5,C-2023-08-14,0.13333333333333333
2023-12-09,0.5,D-2023-08-14,0.2
2023-12-09,0.5,E-2023-08-14,0.1337037037037037
2023-12-09,0.5,F-2023-08-14,0.19666666666666666
2023-12-16,0.5,A-2023-08-14,0.13666666666666666
2023-12-16,0.5,B-2023-08-14,0.19962962962962963
2023-12-16,0.5,C-2023-08-14,0.13296296296296295
2023-12-16,0.5,D-2023-08-14,0.2037037037037037
2023-12-16,0.5,E-2023-08-14,0.12814814814814815
2023-12-16,0.5,F-2023-08-14,0.1988888888888889
2023-12-23,0.5,A-2023-08-14,0.1385185185185185
2023-12-23,0.5,B-2023-08-14,0.20185185185185187
2023-12-23,0.5,C-2023-08-14,0.13037037037037036
2023-12-23,0.5,D-2023-08-14,0.2074074074074074
2023-12-23,0.5,E-2023-08-14,0.11703703703703704
2023-12-23,0.5,F-2023-08-14,0.2048148148148148
2023-12-30,0.5,A-2023-08-14,0.14629629629629629
2023-12-30,0.5,B-2023-08-14,0.18851851851851853
2023-12-30,0.5,C-2023-08-14,0.13333333333333333
2023-12-30,0.5,D-2023-08-14,0.20629629629629628
2023-12-30,0.5,E-2023-08-14,0.11037037037037037
2023-12-30,0.5,F-2023-08-14,0.21518518518518517
2024-01-06,0.5,A-2023-08-14,0.15814814814814815
2024-01-06,0.5,B-2023-08-14,0.17814814814814814
2024-01-06,0.5,C-2023-08-14,0.13925925925925925
2024-01-06,0.5,D-2023-08-14,0.20555555555555555
2024-01-06,0.5,E-2023-08-14,0.10592592592592592
2024-01-06,0.5,F-2023-08-14,0.21296296296296297
2024-01-13,0.5,A-2023-08-14,0.16777777777777778
2024-01-13,0.5,B-2023-08-14,0.17814814814814814
2024-01-13,0.5,C-2023-08-14,0.13333333333333333
2024-01-13,0.5,D-2023-08-14,0.21407407407407408
2024-01-13,0.5,E-2023-08-14,0.10407407407407407
2024-01-13,0.5,F-2023-08-14,0.2025925925925926
2024-01-20,0.5,A-2023-08-14,0.1685185185185185
2024-01-20,0.5,B-2023-08-14,0.1925925925925926
2024-01-20,0.5,C-2023-08-14,0.11814814814814815
2024-01-20,0.5,D-2023-08-14,0.2222222222222222
2024-01-20,0.5,E-2023-08-14,0.09703703703703703
2024-01-20,0.5,F-2023-08-14,0.20148148148148148
2024-01-27,0.5,A-2023-08-14,0.16666666666666666
2024-01-27,0.5,B-2023-08-14,0.20777777777777778
2024-01-27,0.5,C-2023-08-14,0.10851851851851851
2024-01-27,0.5,D-2023-08-14,0.2288888888888889
2024-01-27,0.5,E-2023-08-14,0.08925925925925926
2024-01-27,0.5,F-2023-08-14,0.1988888888888889
2024-02-03,0.5,A-2023-08-14,0.16037037037037036
2024-02-03,0.5,B-2023-08-14,0.21592592592592594
2024-02-03,0.5,C-2023-08-14,0.10481481481481482
2024-02-03,0.5,D-2023-08-14,0.23222222222222222
2024-02-03,0.5,E-2023-08-14,0.08592592592592592
2024-02-03,0.5,F-2023-08-14,0.20074074074074075
2024-02-10,0.5,A-2023-08-14,0.15925925925925927
2024-02-10,0.5,B-2023-08-14,0.22814814814814816
2024-02-10,0.5,C-2023-08-14,0.10037037037037037
2024-02-10,0.5,D-2023-08-14,0.23962962962962964
2024-02-10,0.5,E-2023-08-14,0.08185185185185186
2024-02-10,0.5,F-2023-08-14,0.19074074074074074
2024-02-17,0.5,A-2023-08-14,0.16
2024-02-17,0.5,B-2023-08-14,0.23555555555555555
2024-02-17,0.5,C-2023-08-14,0.10111111111111111
2024-02-17,0.5,D-2023-08-14,0.2414814814814815
2024-02-17,0.5,E-2023-08-14,0.07777777777777778
2024-02-17,0.5,F-2023-08-14,0.18407407407407408
2024-02-24,0.5,A-2023-08-14,0.16
2024-02-24,0.5,B-2023-08-14,0.24
2024-02-24,0.5,C-2023-08-14,0.10111111111111111
2024-02-24,0.5,D-2023-08-14,0.2437037037037037
2024-02-24,0.5,E-2023-08-14,0.07629629629629629
2024-02-24,0.5,F-2023-08-14,0.17888888888888888
2024-03-02,0.5,A-2023-08-14,0.15888888888888889
2024-03-02,0.5,B-2023-08-14,0.2414814814814815
2024-03-02,0.5,C-2023-08-14,0.1
2024-03-02,0.5,D-2023-08-14,0.24444444444444444
2024-03-02,0.5,E-2023-08-14,0.07592592592592592
2024-03-02,0.5,F-2023-08-14,0.17925925925925926
2024-03-09,0.5,A-2023-08-14,0.16037037037037036
2024-03-09,0.5,B-2023-08-14,0.24185185185185185
2024-03-09,0.5,C-2023-08-14,0.09925925925925926
2024-03-09,0.5,D-2023-08-14,0.24333333333333335
2024-03-09,0.5,E-2023-08-14,0.07629629629629629
2024-03-09,0.5,F-2023-08-14,0.17888888888888888
2024-03-16,0.5,A-2023-08-14,0.16185185185185186
2024-03-16,0.5,B-2023-08-14,0.23925925925925925
2024-03-16,0.5,C-2023-08-14,0.10148148148148148
2024-03-16,0.5,D-2023-08-14,0.24074074074074073
2024-03-16,0.5,E-2023-08-14,0.07888888888888888
2024-03-16,0.5,F-2023-08-14,0.17777777777777778
2024-03-23,0.5,A-2023-08-14,0.16296296296296298
2024-03-23,0.5,B-2023-08-14,0.23851851851851852
2024-03-23,0.5,C-2023-08-14,0.1025925925925926
2024-03-23,0.5,D-2023-08-14,0.23777777777777778
2024-03-23,0.5,E-2023-08-14,0.07925925925925927
2024-03-23,0.5,F-2023-08-14,0.17888888888888888
2024-03-30,0.5,A-2023-08-14,0.16407407407407407
2024-03-30,0.5,B-2023-08-14,0.23814814814814814
2024-03-30,0.5,C-2023-08-14,0.10407407407407407
2024-03-30,0.5,D-2023-08-14,0.2374074074074074
2024-03-30,0.5,E-2023-08-14,0.07851851851851852
2024-03-30,0.5,F-2023-08-14,0.17777777777777778
2024-04-06,0.5,A-2023-08-14,0.16296296296296298
2024-04-06,0.5,B-2023-08-14,0.23851851851851852
2024-04-06,0.5,C-2023-08-14,0.10481481481481482
2024-04-06,0.5,D-2023-08-14,0.23666666666666666
2024-04-06,0.5,E-2023-08-14,0.07888888888888888
2024-04-06,0.5,F-2023-08-14,0.17814814814814814
2024-04-13,0.5,A-2023-08-14,0.1622222222222222
2024-04-13,0.5,B-2023-08-14,0.23777777777777778
2024-04-13,0.5,C-2023-08-14,0.10592592592592592
2024-04-13,0.5,D-2023-08-14,0.23666666666666666
2024-04-13,0.5,E-2023-08-14,0.07888888888888888
2024-04-13,0.5,F-2023-08-14,0.17851851851851852
2024-04-20,0.5,A-2023-08-14,0.16148148148148148
2024-04-20,0.5,B-2023-08-14,0.23814814814814814
2024-04-20,0.5,C-2023-08-14,0.10592592592592592
2024-04-20,0.5,D-2023-08-14,0.23666666666666666
2024-04-20,0.5,E-2023-08-14,0.07888888888888888
2024-04-20,0.5,F-2023-08-14,0.17888888888888888
2023-11-04,0.75,A-2023-08-14,0.17037037037037037
2023-11-04,0.75,B-2023-08-14,0.1637037037037037
2023-11-04,0.75,C-2023-08-14,0.16271604938271605
2023-11-04,0.75,D-2023-08-14,0.1708641975308642
2023-11-04,0.75,E-2023-08-14,0.16024691358024692
2023-11-04,0.75,F-2023-08-14,0.17209876543209876
2023-11-11,0.75,A-2023-08-14,0.16864197530864197
2023-11-11,0.75,B-2023-08-14,0.16839506172839505
2023-11-11,0.75,C-2023-08-14,0.16024691358024692
2023-11-11,0.75,D-2023-08-14,0.174320987654321
2023-11-11,0.75,E-2023-08-14,0.15604938271604937
2023-11-11,0.75,F-2023-08-14,0.17234567901234568
2023-11-18,0.75,A-2023-08-14,0.16864197530864197
2023-11-18,0.75,B-2023-08-14,0.17358024691358026
2023-11-18,0.75,C-2023-08-14,0.15950617283950616
2023-11-18,0.75,D-2023-08-14,0.17629629629629628
2023-11-18,0.75,E-2023-08-14,0.14962962962962964
2023-11-18,0.75,F-2023-08-14,0.17234567901234568
2023-11-25,0.75,A-2023-08-14,0.1674074074074074
2023-11-25,0.75,B-2023-08-14,0.1748148148148148
2023-11-25,0.75,C-2023-08-14,0.15925925925925927
2023-11-25,0.75,D-2023-08-14,0.17802469135802468
2023-11-25,0.75,E-2023-08-14,0.1508641975308642
2023-11-25,0.75,F-2023-08-14,0.16962962962962963
2023-12-02,0.75,A-2023-08-14,0.17012345679012345
2023-12-02,0.75,B-2023-08-14,0.17333333333333334
2023-12-02,0.75,C-2023-08-14,0.1582716049382716
2023-12-02,0.75,D-2023-08-14,0.17876543209876544
2023-12-02,0.75,E-2023-08-14,0.14716049382716048
2023-12-02,0.75,F-2023-08-14,0.17234567901234568
2023-12-09,0.75,A-2023-08-14,0.1688888888888889
2023-12-09,0.75,B-2023-08-14,0.17555555555555555
2023-12-09,0.75,C-2023-08-14,0.15703703703703703
2023-12-09,0.75,D-2023-08-14,0.17777777777777778
2023-12-09,0.75,E-2023-08-14,0.14617283950617285
2023-12-09,0.75,F-2023-08-14,0.1745679012345679
2023-12-16,0.75,A-2023-08-14,0.16666666666666666
2023-12-16,0.75,B-2023-08-14,0.17802469135802468
2023-12-16,0.75,C-2023-08-14,0.15407407407407409
2023-12-16,0.75,D-2023-08-14,0.1817283950617284
2023-12-16,0.75,E-2023-08-14,0.14098765432098764
2023-12-16,0.75,F-2023-08-14,0.17851851851851852
2023-12-23,0.75,A-2023-08-14,0.16765432098765432
2023-12-23,0.75,B-2023-08-14,0.17753086419753086
2023-12-23,0.75,C-2023-08-14,0.15160493827160493
2023-12-23,0.75,D-2023-08-14,0.1832098765432099
2023-12-23,0.75,E-2023-08-14,0.1348148148148148
2023-12-23,0.75,F-2023-08-14,0.18518518518518517
2023-12-30,0.75,A-2023-08-14,0.17160493827160495
2023-12-30,0.75,B-2023-08-14,0.17580246913580247
2023-12-30,0.75,C-2023-08-14,0.1511111111111111
2023-12-30,0.75,D-2023-08-14,0.18567901234567902
2023-12-30,0.75,E-2023-08-14,0.1291358024691358
2023-12-30,0.75,F-2023-08-14,0.18666666666666668
2024-01-06,0.75,A-2023-08-14,0.17703703703703705
2024-01-06,0.75,B-2023-08-14,0.1708641975308642
2024-01-06,0.75,C-2023-08-14,0.15555555555555556
2024-01-06,0.75,D-2023-08-14,0.1871604938271605
2024-01-06,0.75,E-2023-08-14,0.12222222222222222
2024-01-06,0.75,F-2023-08-14,0.1871604938271605
2024-01-13,0.75,A-2023-08-14,0.18049382716049384
2024-01-13,0.75,B-2023-08-14,0.17506172839506173
2024-01-13,0.75,C-2023-08-14,0.1580246913580247
2024-01-13,0.75,D-2023-08-14,0.18617283950617283
2024-01-13,0.75,E-2023-08-14,0.11555555555555555
2024-01-13,0.75,F-2023-08-14,0.18469135802469136
2024-01-20,0.75,A-2023-08-14,0.1817283950617284
2024-01-20,0.75,B-2023-08-14,0.18345679012345678
2024-01-20,0.75,C-2023-08-14,0.15185185185185185
2024-01-20,0.75,D-2023-08-14,0.1874074074074074
2024-01-20,0.75,E-2023-08-14,0.10987654320987654
2024-01-20,0.75,F-2023-08-14,0.18567901234567902
2024-01-27,0.75,A-2023-08-14,0.18123456790123457
2024-01-27,0.75,B-2023-08-14,0.18962962962962962
2024-01-27,0.75,C-2023-08-14,0.14666666666666667
2024-01-27,0.75,D-2023-08-14,0.18888888888888888
2024-01-27,0.75,E-2023-08-14,0.10592592592592592
2024-01-27,0.75,F-2023-08-14,0.18765432098765433
2024-02-03,0.75,A-2023-08-14,0.1814814814814815
2024-02-03,0.75,B-2023-08-14,0.19209876543209878
2024-02-03,0.75,C-2023-08-14,0.14320987654320988
2024-02-03,0.75,D-2023-08-14,0.19160493827160494
2024-02-03,0.75,E-2023-08-14,0.10271604938271604
2024-02-03,0.75,F-2023-08-14,0.18888888888888888
2024-02-10,0.75,A-2023-08-14,0.18246913580246912
2024-02-10,0.75,B-2023-08-14,0.1948148148148148
2024-02-10,0.75,C-2023-08-14,0.14222222222222222
2024-02-10,0.75,D-2023-08-14,0.19283950617283951
2024-02-10,0.75,E-2023-08-14,0.09802469135802469
2024-02-10,0.75,F-2023-08-14,0.18962962962962962
2024-02-17,0.75,A-2023-08-14,0.18246913580246912
2024-02-17,0.75,B-2023-08-14,0.19407407407407407
2024-02-17,0.75,C-2023-08-14,0.14271604938271604
2024-02-17,0.75,D-2023-08-14,0.1945679012345679
2024-02-17,0.75,E-2023-08-14,0.0945679012345679
2024-02-17,0.75,F-2023-08-14,0.19160493827160494
2024-02-24,0.75,A-2023-08-14,0.18246913580246912
2024-02-24,0.75,B-2023-08-14,0.19604938271604938
2024-02-24,0.75,C-2023-08-14,0.14395061728395062
2024-02-24,0.75,D-2023-08-14,0.194320987654321
2024-02-24,0.75,E-2023-08-14,0.09259259259259259
2024-02-24,0.75,F-2023-08-14,0.19061728395061728
2024-03-02,0.75,A-2023-08-14,0.18271604938271604
2024-03-02,0.75,B-2023-08-14,0.19555555555555557
2024-03-02,0.75,C-2023-08-14,0.1474074074074074
2024-03-02,0.75,D-2023-08-14,0.1948148148148148
2024-03-02,0.75,E-2023-08-14,0.09037037037037036
2024-03-02,0.75,F-2023-08-14,0.1891358024691358
2024-03-09,0.75,A-2023-08-14,0.1837037037037037
2024-03-09,0.75,B-2023-08-14,0.1948148148148148
2024-03-09,0.75,C-2023-08-14,0.14938271604938272
2024-03-09,0.75,D-2023-08-14,0.19407407407407407
2024-03-09,0.75,E-2023-08-14,0.0908641975308642
2024-03-09,0.75,F-2023-08-14,0.1871604938271605
2024-03-16,0.75,A-2023-08-14,0.18296296296296297
2024-03-16,0.75,B-2023-08-14,0.1948148148148148
2024-03-16,0.75,C-2023-08-14,0.15012345679012346
2024-03-16,0.75,D-2023-08-14,0.1948148148148148
2024-03-16,0.75,E-2023-08-14,0.09185185185185185
2024-03-16,0.75,F-2023-08-14,0.1854320987654321
2024-03-23,0.75,A-2023-08-14,0.18296296296296297
2024-03-23,0.75,B-2023-08-14,0.1945679012345679
2024-03-23,0.75,C-2023-08-14,0.15037037037037038
2024-03-23,0.75,D-2023-08-14,0.1945679012345679
2024-03-23,0.75,E-2023-08-14,0.09283950617283951
2024-03-23,0.75,F-2023-08-14,0.18469135802469136
2024-03-30,0.75,A-2023-08-14,0.18296296296296297
2024-03-30,0.75,B-2023-08-14,0.194320987654321
2024-03-30,0.75,C-2023-08-14,0.15037037037037038
2024-03-30,0.75,D-2023-08-14,0.19530864197530864
2024-03-30,0.75,E-2023-08-14,0.09283950617283951
2024-03-30,0.75,F-2023-08-14,0.18419753086419752
2024-04-06,0.75,A-2023-08-14,0.18296296296296297
2024-04-06,0.75,B-2023-08-14,0.194320987654321
2024-04-06,0.75,C-2023-08-14,0.1506172839506173
2024-04-06,0.75,D-2023-08-14,0.194320987654321
2024-04-06,0.75,E-2023-08-14,0.09407407407407407
2024-04-06,0.75,F-2023-08-14,0.1837037037037037
2024-04-13,0.75,A-2023-08-14,0.1832098765432099
2024-04-13,0.75,B-2023-08-14,0.19382716049382717
2024-04-13,0.75,C-2023-08-14,0.1506172839506173
2024-04-13,0.75,D-2023-08-14,0.194320987654321
2024-04-13,0.75,E-2023-08-14,0.09432098765432098
2024-04-13,0.75,F-2023-08-14,0.1837037037037037
2024-04-20,0.75,A-2023-08-14,0.1832098765432099
2024-04-20,0.75,B-2023-08-14,0.19382716049382717
2024-04-20,0.75,C-2023-08-14,0.15037037037037038
2024-04-20,0.75,D-2023-08-14,0.194320987654321
2024-04-20,0.75,E-2023-08-14,0.09432098765432098
2024-04-20,0.75,F-2023-08-14,0.18395061728395062
