horizon,k_perc,round,mae_adaptive,mae_baseline,mae_flusight,mae_adaptive_baseline,mae_adaptive_flusight
0,5,2,0.38992875647668407,0.06541450777202072,0.19721502590673576,5.960891089108913,1.9771756978653536
0,5,3,0.24844262295081976,0.20234192037470727,0.07564402810304449,1.2278356481481485,3.2843653250774008
0,5,4,0.03739643084767365,0.34687699171446784,0.23836838750796685,0.10780891134588874,0.1568850267379678
0,5,5,0.0377665973969156,0.3520726238652521,0.24455867877064422,0.10726933830382084,0.15442754919499074
0,5,6,0.20536050971978412,0.4283206553540082,0.3063519927182888,0.4794550698239222,0.6703416808149405
0,5,7,0.42751203968570084,0.5474888655538256,0.4467176014773509,0.7808597883597883,0.9570073761854584
0,5,8,0.36534768768924203,0.3350844957428638,0.32996040475142985,1.0903151065801668,1.1072470588235295
0,5,9,0.014218179447052639,0.19014084507042253,0.2791471048513302,0.07477709190672129,0.0509343611305768
0,5,10,0.1407623876609182,0.09269492348797669,0.1835681321350498,1.518555519161481,0.7668127687727426
0,5,12,0.45575297432686285,0.2999373825923607,0.33001330619912334,1.5194937369519832,1.3810139341832197
0,5,13,0.5159029973558181,0.12327804589412178,0.17226012832602947,4.184873256337183,2.994906612279949
0,5,14,0.4254265840669492,0.06066731876969895,0.020715139658732746,7.012450734503761,20.536988457502623
0,5,15,0.36825046530178146,0.10763094921563414,0.015554373836745546,3.4214179841897234,23.675042735042737
0,5,16,0.3960466781680283,0.13830929982747958,0.01064418475961069,2.8634855260061185,37.20779816513761
0,5,17,0.41428840046799265,0.19392445261574462,0.034806953033595184,2.1363391510450334,11.902460984393759
0,5,18,0.3385336603979286,0.19373126192423004,0.017225402016898338,1.7474395047833426,19.653164556962025
0,5,19,0.15613970588235293,0.25375,0.03073529411764706,0.6153288901767604,5.080143540669856
0,5,20,0.16675126903553295,0.27359370143996686,0.031389205428364236,0.6094850435441118,5.312376237623761
0,5,21,0.07731054977711728,0.3573551263001486,0.08514115898959881,0.21634095634095604,0.908027923211168
0,5,22,0.04700617283950614,0.29074074074074074,0.017901234567901235,0.1616772823779192,2.625862068965515
0,5,23,0.16587572102779236,0.11955951756685894,0.13004719454640798,1.3873903508771932,1.2755040322580644
0,5,24,0.24760795278036662,0.08170239204721963,0.16060888474681578,3.0306083650190123,1.541682785299807
0,5,25,0.22318424292162498,0.12433319655313911,0.10217480508822323,1.795049504950495,2.1843373493975906
0,5,26,0.2647743467933491,0.0684085510688836,0.12256532066508313,3.8704861111111106,2.160271317829457
0,5,27,0.2836120401337792,0.0947603121516165,0.05351170568561873,2.992941176470588,5.299999999999999
0,5,28,0.41622276029055694,0.009685230024213076,0.14225181598062955,42.975,2.9259574468085106
0,5,29,0.6161458333333333,0.026348039215686275,0.10355392156862746,23.38488372093023,5.949999999999999
0,15,2,0.13222150259067364,0.06541450777202072,0.19721502590673576,2.0212871287128724,0.6704433497536949
0,15,3,0.034215456674473156,0.20234192037470727,0.07564402810304449,0.16909722222222265,0.4523219814241498
0,15,4,0.07213989802421925,0.34687699171446784,0.23836838750796685,0.20796968305006888,0.3026403743315508
0,15,5,0.05010937329104249,0.3520726238652521,0.24455867877064422,0.14232680956818933,0.2048971377459756
0,15,6,0.20942396463168841,0.4283206553540082,0.3063519927182888,0.488942015786278,0.683605687606112
0,15,7,0.428906108556324,0.5474888655538256,0.4467176014773509,0.7834060846560845,0.9601280700332333
0,15,8,0.42482208017390855,0.3350844957428638,0.32996040475142985,1.2678058387395736,1.2874941176470587
0,15,9,0.08555848982785602,0.19014084507042253,0.2791471048513302,0.44997427983539096,0.30649964961457604
0,15,10,0.18298214719455916,0.09269492348797669,0.1835681321350498,1.9740255486406815,0.9968078068144228
0,15,12,0.48728475266123983,0.2999373825923607,0.33001330619912334,1.6246216075156577,1.4765609249925884
0,15,13,0.5583005121946709,0.12327804589412178,0.17226012832602947,4.528791060446977,3.241031558608845
0,15,14,0.5259026192805131,0.06066731876969895,0.020715139658732746,8.668631314940882,25.387355718782796
0,15,15,0.4841318798191969,0.10763094921563414,0.015554373836745546,4.498073122529643,31.1251282051282
0,15,16,0.4934002799388041,0.13830929982747958,0.01064418475961069,3.5673687926570956,46.353975535168196
0,15,17,0.4900551562761157,0.19392445261574462,0.034806953033595184,2.527041585865115,14.079231692677073
0,15,18,0.4147206323248841,0.19373126192423004,0.017225402016898338,2.140700619020821,24.076107594936705
0,15,19,0.2679522058823529,0.25375,0.03073529411764706,1.0559692842654302,8.718062200956936
0,15,20,0.24948720604993257,0.27359370143996686,0.031389205428364236,0.9118894358197649,7.948184818481846
0,15,21,0.20957652303120353,0.3573551263001486,0.08514115898959881,0.5864656964656964,2.4615183246073293
0,15,22,0.19022633744855966,0.29074074074074074,0.017901234567901235,0.654281670205237,10.626436781609195
0,15,23,0.26997902464604084,0.11955951756685894,0.13004719454640798,2.258114035087719,2.0760080645161283
0,15,24,0.3608884746815781,0.08170239204721963,0.16060888474681578,4.417110266159695,2.2470019342359766
0,15,25,0.36618793598686916,0.12433319655313911,0.10217480508822323,2.9452145214521455,3.583935742971888
0,15,26,0.4041092636579573,0.0684085510688836,0.12256532066508313,5.9072916666666675,3.2970930232558144
0,15,27,0.43606465997770344,0.0947603121516165,0.05351170568561873,4.601764705882353,8.148958333333333
0,15,28,0.5757566585956416,0.009685230024213076,0.14225181598062955,59.44687499999999,4.047446808510638
0,15,29,0.7376838235294119,0.026348039215686275,0.10355392156862746,27.997674418604653,7.123668639053255
0,25,2,0.059067357512953396,0.06541450777202072,0.19721502590673576,0.9029702970297034,0.2995073891625617
0,25,3,0.03215456674473051,0.20234192037470727,0.07564402810304449,0.15891203703703619,0.42507739938080275
0,25,4,0.11748725302740605,0.34687699171446784,0.23836838750796685,0.33870004593477276,0.492881016042781
0,25,5,0.11599037515038828,0.3520726238652521,0.24455867877064422,0.3294501397949674,0.4742844364937388
0,25,6,0.24111891294454194,0.4283206553540082,0.3063519927182888,0.5629401942926532,0.7870649405772495
0,25,7,0.4123130680378028,0.5474888655538256,0.4467176014773509,0.7530985449735449,0.9229837075464051
0,25,8,0.4510869283921224,0.3350844957428638,0.32996040475142985,1.3461886005560706,1.3670941176470588
0,25,9,0.2001730081141295,0.19014084507042253,0.2791471048513302,1.0527617463780143,0.7170878889134057
0,25,10,0.2537846125819772,0.09269492348797669,0.1835681321350498,2.737848018342614,1.382509096923586
0,25,12,0.5147033500313087,0.2999373825923607,0.33001330619912334,1.716036012526096,1.5596442336199232
0,25,13,0.5785423716277436,0.12327804589412178,0.17226012832602947,4.692987850607469,3.358539072563332
0,25,14,0.5474394087599174,0.06066731876969895,0.020715139658732746,9.02362952346829,26.42701993704092
0,25,15,0.5250292475405477,0.10763094921563414,0.015554373836745546,4.878050889328063,33.754444444444445
0,25,16,0.5292161713485889,0.13830929982747958,0.01064418475961069,3.8263238409037417,49.71880733944954
0,25,17,0.5328222690053253,0.19392445261574462,0.034806953033595184,2.7475765011496325,15.30792622069081
0,25,18,0.4664404469882802,0.19373126192423004,0.017225402016898338,2.407667416994935,27.07863924050633
0,25,19,0.3656801470588235,0.25375,0.03073529411764706,1.4411040278180238,11.897727272727272
0,25,20,0.3593235263648607,0.27359370143996686,0.031389205428364236,1.3133472169632716,11.447359735973599
0,25,21,0.3401263001485883,0.3573551263001486,0.08514115898959881,0.9517879417879415,3.9948516579406617
0,25,22,0.3351748971193415,0.29074074074074074,0.017901234567901235,1.1528308563340408,18.7235632183908
0,25,23,0.40460146827477717,0.11955951756685894,0.13004719454640798,3.384100877192983,3.1111895161290324
0,25,24,0.49036968002485243,0.08170239204721963,0.16060888474681578,6.001901140684411,3.053191489361702
0,25,25,0.5089249076733688,0.12433319655313911,0.10217480508822323,4.093234323432343,4.980923694779116
0,25,26,0.534394299287411,0.0684085510688836,0.12256532066508313,7.811805555555558,4.360077519379845
0,25,27,0.54623745819398,0.0947603121516165,0.05351170568561873,5.764411764705883,10.207812500000001
0,25,28,0.6336864406779661,0.009685230024213076,0.14225181598062955,65.428125,4.454680851063829
0,25,29,0.7453737745098039,0.026348039215686275,0.10355392156862746,28.28953488372093,7.197928994082839
0,50,2,0.12198834196891185,0.06541450777202072,0.19721502590673576,1.864851485148514,0.6185550082101803
0,50,3,0.21241217798594847,0.20234192037470727,0.07564402810304449,1.0497685185185184,2.808049535603715
0,50,4,0.2972673677501593,0.34687699171446784,0.23836838750796685,0.8569820854386768,1.2470922459893046
0,50,5,0.3064256808487367,0.3520726238652521,0.24455867877064422,0.8703479341410375,1.2529740608228979
0,50,6,0.3723912619465574,0.4283206553540082,0.3063519927182888,0.8694216757741347,1.215566638370119
0,50,7,0.4657240105731977,0.5474888655538256,0.4467176014773509,0.8506547619047619,1.0425468104077167
0,50,8,0.538748997179162,0.3350844957428638,0.32996040475142985,1.6078004324992277,1.6327686274509803
0,50,9,0.3888905190401669,0.19014084507042253,0.2791471048513302,2.045276063100137,1.3931382854473253
0,50,10,0.40011385717755654,0.09269492348797669,0.1835681321350498,4.316459220438913,2.179647700959312
0,50,12,0.5893569974953037,0.2999373825923607,0.33001330619912334,1.9649334551148223,1.7858582863919361
0,50,13,0.6300891255709029,0.12327804589412178,0.17226012832602947,5.111121943902805,3.657776942893946
0,50,14,0.5943886534072383,0.06066731876969895,0.020715139658732746,9.797509853099248,28.693441762854146
0,50,15,0.5697061951608615,0.10763094921563414,0.015554373836745546,5.29314476284585,36.62675213675214
0,50,16,0.5753784056508577,0.13830929982747958,0.01064418475961069,4.160084725817839,54.05565749235474
0,50,17,0.5868418853418017,0.19392445261574462,0.034806953033595184,3.026136608489549,16.85990396158463
0,50,18,0.5843499591169256,0.19373126192423004,0.017225402016898338,3.016291502532358,33.92373417721519
0,50,19,0.5728713235294117,0.25375,0.03073529411764706,2.257620979426253,18.638875598086123
0,50,20,0.5684243240443385,0.27359370143996686,0.031389205428364236,2.0776221128360466,18.10891089108911
0,50,21,0.5774368499257058,0.3573551263001486,0.08514115898959881,1.6158627858627856,6.782111692844676
0,50,22,0.5887962962962964,0.29074074074074074,0.017901234567901235,2.02515923566879,32.89137931034483
0,50,23,0.6158101730466701,0.11955951756685894,0.13004719454640798,5.150657894736842,4.735282258064515
0,50,24,0.6563839701770736,0.08170239204721963,0.16060888474681578,8.03384030418251,4.086847195357834
0,50,25,0.6374640951990151,0.12433319655313911,0.10217480508822323,5.127062706270626,6.238955823293172
0,50,26,0.6368883610451307,0.0684085510688836,0.12256532066508313,9.310069444444446,5.196317829457365
0,50,27,0.619035674470457,0.0947603121516165,0.05351170568561873,6.532647058823529,11.568229166666667
0,50,28,0.6399213075060534,0.009685230024213076,0.14225181598062955,66.071875,4.498510638297873
0,50,29,0.7141544117647058,0.026348039215686275,0.10355392156862746,27.104651162790695,6.896449704142011
0,75,2,0.15830634715025904,0.06541450777202072,0.19721502590673576,2.420049504950495,0.8027093596059112
0,75,3,0.14824355971896955,0.20234192037470727,0.07564402810304449,0.7326388888888888,1.9597523219814241
0,75,4,0.18690248565965584,0.34687699171446784,0.23836838750796685,0.5388148828663298,0.7840909090909092
0,75,5,0.1837580662802144,0.3520726238652521,0.24455867877064422,0.5219322771046909,0.7513864042933811
0,75,6,0.27246928028086603,0.4283206553540082,0.3063519927182888,0.6361338797814208,0.8893994057724959
0,75,7,0.43186986276568784,0.5474888655538256,0.4467176014773509,0.7888194444444444,0.96676258409662
0,75,8,0.5397984006625087,0.3350844957428638,0.32996040475142985,1.61093219029966,1.635949019607843
0,75,9,0.42907537819509645,0.19014084507042253,0.2791471048513302,2.2566186556927295,1.5370941368839055
0,75,10,0.4693982268642215,0.09269492348797669,0.1835681321350498,5.063904356370783,2.5570790605358913
0,75,12,0.6374804320601127,0.2999373825923607,0.33001330619912334,2.1253783924843423,1.9316809961458643
0,75,13,0.6527532774911707,0.12327804589412178,0.17226012832602947,5.29496775161242,3.78934628595964
0,75,14,0.6248983806108032,0.06066731876969895,0.020715139658732746,10.300412038695807,30.16626442812172
0,75,15,0.6011087476734911,0.10763094921563414,0.015554373836745546,5.584906126482213,38.64564102564103
0,75,16,0.6187396243611861,0.13830929982747958,0.01064418475961069,4.473593786773358,58.12935779816514
0,75,17,0.643991308708006,0.19392445261574462,0.034806953033595184,3.3208360267183794,18.501800720288117
0,75,18,0.6539765603706732,0.19373126192423004,0.017225402016898338,3.375689364096792,37.96582278481013
0,75,19,0.6473308823529412,0.25375,0.03073529411764706,2.551057664445089,21.06148325358852
0,75,20,0.6558220242411685,0.27359370143996686,0.031389205428364236,2.3970655054903443,20.893234323432345
0,75,21,0.6537741456166418,0.3573551263001486,0.08514115898959881,1.8294802494802491,7.678708551483419
0,75,22,0.6581275720164609,0.29074074074074074,0.017901234567901235,2.2636234961075723,36.764367816091955
0,75,23,0.6761274252753016,0.11955951756685894,0.13004719454640798,5.655153508771931,5.199092741935484
0,75,24,0.7038987263125194,0.08170239204721963,0.16060888474681578,8.615399239543725,4.382688588007737
0,75,25,0.6823758719737382,0.12433319655313911,0.10217480508822323,5.488283828382838,6.678514056224899
0,75,26,0.675249406175772,0.0684085510688836,0.12256532066508313,9.870833333333335,5.5093023255813955
0,75,27,0.6542642140468228,0.0947603121516165,0.05351170568561873,6.904411764705883,12.226562500000002
0,75,28,0.6739406779661017,0.009685230024213076,0.14225181598062955,69.584375,4.7376595744680845
0,75,29,0.785906862745098,0.026348039215686275,0.10355392156862746,29.827906976744185,7.589349112426035
1,5,2,0.7162997658079626,0.32412177985948476,0.07049180327868852,2.209971098265896,10.161461794019935
1,5,3,0.28107871255576805,0.4572976418100701,0.24681325685149777,0.614651567944251,1.1388315041962558
1,5,4,0.011123263699004782,0.5516788800174998,0.35218199715629445,0.020162569389373657,0.031583850931677246
1,5,5,0.2047786229763995,0.614849489630063,0.43859306937130227,0.3330548799830814,0.46689890305366155
1,5,6,0.42309990223413113,0.6816091537820907,0.5339102726581454,0.6207368253293667,0.7924550695150897
1,5,7,0.4941137651717088,0.6765870448487358,0.5631583033565384,0.7303033200734395,0.877397637976196
1,5,8,0.1313706311945749,0.16233046426708397,0.13761737089201878,0.8092789716810608,0.9546079128168683
1,5,9,0.10413377459315035,0.10833130920573233,0.11655938790381346,0.9612528026905829,0.8933967178952852
1,5,10,0.3322623597583529,0.2631488102576748,0.38291209468622855,1.2626405547226387,0.8677249017966386
1,5,12,0.5256799985207374,0.3384737708252436,0.4217377637247832,1.5530893198579625,1.2464617678007717
1,5,13,0.5206031953048581,0.030627105749375067,0.10611890011955222,16.998119233498933,4.905848013109381
1,5,14,0.4248059026854559,0.297420898697155,0.08285030576974209,1.4282987663150366,5.1273908857509625
1,5,15,0.44583021386022587,0.3560105465316884,0.08222388594121285,1.2522949620554082,5.422149643705462
1,5,16,0.47807120173825846,0.46122346648838375,0.10036770850743774,1.0365283565863381,4.763197335553706
1,5,17,0.4312891796129736,0.5575361133823931,0.10427909512128646,0.7735627688697693,4.135912179822268
1,5,18,0.27187132352941185,0.6102205882352941,0.048455882352941175,0.44552958187733477,5.610698027314114
1,5,19,0.16552885113436241,0.7663938671915467,0.1455506060292137,0.2159840497431739,1.1372597864768685
1,5,20,0.13222139673105504,0.8267459138187221,0.16478454680534918,0.15992990654205616,0.8023895401262402
1,5,21,0.05230452674897115,0.8796296296296297,0.12242798353909465,0.05946198830409352,0.4272268907563022
1,5,22,0.13630047194546405,0.6447299423177766,0.06266386995280546,0.2114070760471736,2.1751046025104595
1,5,23,0.3043491767629698,0.3264989127058093,0.19136377757067413,0.932159847764034,1.5904220779220775
1,5,24,0.27515387771850636,0.42880590890439063,0.12146081247435371,0.6416746411483254,2.2653716216216218
1,5,25,0.31831353919239913,0.3016627078384798,0.1377672209026128,1.055196850393701,2.310517241379311
1,5,26,0.35312151616499443,0.2536231884057971,0.13712374581939799,1.3923076923076922,2.5752032520325203
1,5,27,0.46652542372881356,0.18886198547215496,0.15920096852300242,2.4701923076923076,2.9304182509505705
1,5,28,0.6541053921568627,0.0024509803921568627,0.2702205882352941,266.875,2.4206349206349205
1,15,2,0.30709601873536285,0.32412177985948476,0.07049180327868852,0.9474710982658956,4.356478405315612
1,15,3,0.020968769917144737,0.4572976418100701,0.24681325685149777,0.0458536585365855,0.08495803744351219
1,15,4,0.08642677458164724,0.5516788800174998,0.35218199715629445,0.15666137985725628,0.24540372670807475
1,15,5,0.1916422859371952,0.614849489630063,0.43859306937130227,0.31168975362165585,0.43694782093092194
1,15,6,0.4443187167324474,0.6816091537820907,0.5339102726581454,0.6518672970675733,0.8321973550356052
1,15,7,0.5390090836158484,0.6765870448487358,0.5631583033565384,0.7966588892288862,0.9571182390515142
1,15,8,0.2198210093896713,0.16233046426708397,0.13761737089201878,1.3541574613376177,1.597334754797441
1,15,9,0.17959223949477773,0.10833130920573233,0.11655938790381346,1.6578054932735424,1.5407788486585048
1,15,10,0.35411909752188386,0.2631488102576748,0.38291209468622855,1.3456990254872563,0.9248052031682659
1,15,12,0.5603770270520145,0.3384737708252436,0.4217377637247832,1.6555995629609397,1.328733339179235
1,15,13,0.5536735137485056,0.030627105749375067,0.10611890011955222,18.07789212207239,5.217482589102827
1,15,14,0.5391451741558096,0.297420898697155,0.08285030576974209,1.8127346683354195,6.507461489088575
1,15,15,0.5437518309950847,0.3560105465316884,0.08222388594121285,1.5273475358873547,6.613064133016626
1,15,16,0.5499603041952198,0.46122346648838375,0.10036770850743774,1.1923944555173038,5.479454621149042
1,15,17,0.5077459798310167,0.5575361133823931,0.10427909512128646,0.9106961282753226,4.869106116048092
1,15,18,0.3677316176470588,0.6102205882352941,0.048455882352941175,0.6026207976864683,7.588998482549317
1,15,19,0.26750751061846056,0.7663938671915467,0.1455506060292137,0.34904703974047036,1.837900355871886
1,15,20,0.22734026745913818,0.8267459138187221,0.16478454680534918,0.27498202731847593,1.3796212804328223
1,15,21,0.19119341563786005,0.8796296296296297,0.12242798353909465,0.21735672514619878,1.5616806722689074
1,15,22,0.2576691137912952,0.6447299423177766,0.06266386995280546,0.3996543310288735,4.111924686192468
1,15,23,0.3854147250698975,0.3264989127058093,0.19136377757067413,1.1804471931493814,2.0140422077922078
1,15,24,0.38522773902338947,0.42880590890439063,0.12146081247435371,0.8983732057416269,3.171621621621622
1,15,25,0.42857482185273166,0.3016627078384798,0.1377672209026128,1.420708661417323,3.110862068965518
1,15,26,0.4637123745819398,0.2536231884057971,0.13712374581939799,1.8283516483516482,3.381707317073171
1,15,27,0.5899818401937047,0.18886198547215496,0.15920096852300242,3.1238782051282055,3.705893536121674
1,15,28,0.7532781862745097,0.0024509803921568627,0.2702205882352941,307.3375,2.7876417233560087
1,25,2,0.15447306791569096,0.32412177985948476,0.07049180327868852,0.4765895953757229,2.1913621262458487
1,25,3,0.07682441045251746,0.4572976418100701,0.24681325685149777,0.16799651567944238,0.31126533247256266
1,25,4,0.1316471617630974,0.5516788800174998,0.35218199715629445,0.2386300555114987,0.3738043478260868
1,25,5,0.23465964501657885,0.614849489630063,0.43859306937130227,0.3816538014169398,0.5350281648384226
1,25,6,0.4442390556541261,0.6816091537820907,0.5339102726581454,0.6517504249893753,0.8320481519159036
1,25,7,0.5321976656918818,0.6765870448487358,0.5631583033565384,0.786591569767442,0.9450232066541061
1,25,8,0.2731204355764215,0.16233046426708397,0.13761737089201878,1.6824964852379998,1.9846363420990287
1,25,9,0.2609029633228078,0.10833130920573233,0.11655938790381346,2.4083800448430486,2.2383693670226616
1,25,10,0.40122549623967446,0.2631488102576748,0.38291209468622855,1.5247095202398797,1.0478266469186681
1,25,12,0.581916014866589,0.3384737708252436,0.4217377637247832,1.7192351816443594,1.3798053314626444
1,25,13,0.5632594283230083,0.030627105749375067,0.10611890011955222,18.390880056777856,5.307814420319541
1,25,14,0.5554998670566338,0.297420898697155,0.08285030576974209,1.8677230466654746,6.704862002567393
1,25,15,0.5721932879789069,0.3560105465316884,0.08222388594121285,1.607236902258389,6.95896674584323
1,25,16,0.5722944175162962,0.46122346648838375,0.10036770850743774,1.2408180829860482,5.701977518734388
1,25,17,0.5566012537476152,0.5575361133823931,0.10427909512128646,0.998323230348064,5.337611082070047
1,25,18,0.4323492647058824,0.6102205882352941,0.048455882352941175,0.708513073864321,8.922534142640366
1,25,19,0.36641976587589353,0.7663938671915467,0.1455506060292137,0.47810894836442286,2.5174733096085413
1,25,20,0.34763001485884104,0.8267459138187221,0.16478454680534918,0.42047987059669306,2.109603246167719
1,25,21,0.3348251028806584,0.8796296296296297,0.12242798353909465,0.3806432748538011,2.734873949579832
1,25,22,0.39618510749868907,0.6447299423177766,0.06266386995280546,0.6144977633184222,6.3223849372384935
1,25,23,0.49568188878533703,0.3264989127058093,0.19136377757067413,1.5181731684110369,2.59025974025974
1,25,24,0.5187320475995076,0.42880590890439063,0.12146081247435371,1.2097129186602873,4.2707770270270276
1,25,25,0.5452969121140142,0.3016627078384798,0.1377672209026128,1.8076377952755904,3.958103448275862
1,25,26,0.5656633221850613,0.2536231884057971,0.13712374581939799,2.23032967032967,4.125203252032521
1,25,27,0.6619854721549636,0.18886198547215496,0.15920096852300242,3.5051282051282047,4.158174904942966
1,25,28,0.7901960784313725,0.0024509803921568627,0.2702205882352941,322.4,2.924263038548753
1,50,2,0.12271662763466042,0.32412177985948476,0.07049180327868852,0.3786127167630058,1.7408637873754154
1,50,3,0.2614882090503506,0.4572976418100701,0.24681325685149777,0.5718118466898956,1.059457714654616
1,50,4,0.2977359728754239,0.5516788800174998,0.35218199715629445,0.5396907216494846,0.8454037267080747
1,50,5,0.3586405305246733,0.614849489630063,0.43859306937130227,0.5832980860738078,0.8177067892084198
1,50,6,0.47377158996270413,0.6816091537820907,0.5339102726581454,0.6950780917977051,0.8873618175652763
1,50,7,0.569730338241764,0.6765870448487358,0.5631583033565384,0.8420651009791923,1.0116699600202197
1,50,8,0.41739208398539385,0.16233046426708397,0.13761737089201878,2.5712492468367145,3.032989812840559
1,50,9,0.410465751760991,0.10833130920573233,0.11655938790381346,3.788985426008968,3.521516019796822
1,50,10,0.5044593761558377,0.2631488102576748,0.38291209468622855,1.9170118065967012,1.3174286818211087
1,50,12,0.6326131173609956,0.3384737708252436,0.4217377637247832,1.8690166621141766,1.5000153454928096
1,50,13,0.5994033257254646,0.030627105749375067,0.10611890011955222,19.571007806955286,5.648412535845965
1,50,14,0.5806567402286625,0.297420898697155,0.08285030576974209,1.9523064544966922,7.008504492939665
1,50,15,0.5877038507861072,0.3560105465316884,0.08222388594121285,1.650804608210661,7.147604908946951
1,50,16,0.5989846230987799,0.46122346648838375,0.10036770850743774,1.2986863562239537,5.9679017485428805
1,50,17,0.5966530389751976,0.5575361133823931,0.10427909512128646,1.0701603441533045,5.721693674856247
1,50,18,0.579297794117647,0.6102205882352941,0.048455882352941175,0.9493252199060127,11.9551593323217
1,50,19,0.5710608101108463,0.7663938671915467,0.1455506060292137,0.7451270613679372,3.923451957295373
1,50,20,0.5789821693907875,0.8267459138187221,0.16478454680534918,0.7003145219266715,3.513570784490532
1,50,21,0.5888477366255145,0.8796296296296297,0.12242798353909465,0.6694269005847954,4.809747899159665
1,50,22,0.6170818038804405,0.6447299423177766,0.06266386995280546,0.9571167141114275,9.847489539748954
1,50,23,0.6599875737806772,0.3264989127058093,0.19136377757067413,2.0214081826831585,3.448863636363636
1,50,24,0.6405621665982766,0.42880590890439063,0.12146081247435371,1.4938277511961724,5.273817567567568
1,50,25,0.6417814726840856,0.3016627078384798,0.1377672209026128,2.1274803149606303,4.65844827586207
1,50,26,0.6233277591973244,0.2536231884057971,0.13712374581939799,2.4576923076923074,4.545731707317073
1,50,27,0.648638014527845,0.18886198547215496,0.15920096852300242,3.4344551282051277,4.074334600760456
1,50,28,0.7413909313725491,0.0024509803921568627,0.2702205882352941,302.4875,2.743650793650794
1,75,2,0.1479859484777518,0.32412177985948476,0.07049180327868852,0.45657514450867065,2.099335548172758
1,75,3,0.18690248565965584,0.4572976418100701,0.24681325685149777,0.40871080139372823,0.7572627501613944
1,75,4,0.18296510992015755,0.5516788800174998,0.35218199715629445,0.33165146708961146,0.5195186335403728
1,75,5,0.27116572394512706,0.614849489630063,0.43859306937130227,0.44102781008776565,0.6182626741772901
1,75,6,0.4310732519824746,0.6816091537820907,0.5339102726581454,0.6324346578835529,0.8073889454052221
1,75,7,0.5416565306280894,0.6765870448487358,0.5631583033565384,0.8005718329253367,0.9618193097743671
1,75,8,0.4316671386999489,0.16233046426708397,0.13761737089201878,2.65918748306986,3.136719847951867
1,75,9,0.46662922030604814,0.10833130920573233,0.11655938790381346,4.307427130044843,4.003360250065121
1,75,10,0.5561657009000124,0.2631488102576748,0.38291209468622855,2.113502623688156,1.4524631334921763
1,75,12,0.6573214252695031,0.3384737708252436,0.4217377637247832,1.9420158426659382,1.5586022448263765
1,75,13,0.6269525051624822,0.030627105749375067,0.10611890011955222,20.47051100070972,5.908019254403932
1,75,14,0.6023517681467695,0.297420898697155,0.08285030576974209,2.025250312891114,7.270362644415918
1,75,15,0.619556205941777,0.3560105465316884,0.08222388594121285,1.7402748653869737,7.534990579072577
1,75,16,0.6443924452615744,0.46122346648838375,0.10036770850743774,1.3971371625294435,6.420316402997501
1,75,17,0.6544310891762826,0.5575361133823931,0.10427909512128646,1.1737913894152232,6.275764940375799
1,75,18,0.6487941176470589,0.6102205882352941,0.048455882352941175,1.0632124352331607,13.389377845220032
1,75,19,0.659173313995649,0.7663938671915467,0.1455506060292137,0.8600973236009732,4.528825622775801
1,75,20,0.655668647845468,0.8267459138187221,0.16478454680534918,0.7930715312724658,3.978944995491433
1,75,21,0.660545267489712,0.8796296296296297,0.12242798353909465,0.7509356725146199,5.395378151260505
1,75,22,0.6757341373885685,0.6447299423177766,0.06266386995280546,1.0480886539243597,10.78347280334728
1,75,23,0.703883193538366,0.3264989127058093,0.19136377757067413,2.155851569933397,3.6782467532467535
1,75,24,0.6824784571194091,0.42880590890439063,0.12146081247435371,1.5915789473684212,5.6189189189189195
1,75,25,0.6753681710213777,0.3016627078384798,0.1377672209026128,2.2388188976377954,4.902241379310346
1,75,26,0.6543478260869565,0.2536231884057971,0.13712374581939799,2.5799999999999996,4.771951219512196
1,75,27,0.6735169491525425,0.18886198547215496,0.15920096852300242,3.566185897435898,4.230608365019012
1,75,28,0.7800551470588235,0.0024509803921568627,0.2702205882352941,318.2625,2.886734693877551
2,5,2,0.7466140854047164,0.5401529636711281,0.14483747609942638,1.382227138643068,5.154840484048405
2,5,3,0.2517773159794378,0.6274745707098327,0.4077436290057968,0.40125501132996333,0.617489270386266
2,5,4,0.16910148884987977,0.7335023730576685,0.5396918275794812,0.2305397979081724,0.31332971931092646
2,5,5,0.4197867255675852,0.785494441829308,0.6581453452583553,0.5344235467662379,0.6378328565140845
2,5,6,0.48684299060583314,0.7724437773349551,0.6507595559121141,0.6302633342267489,0.7481150083512287
2,5,7,0.26974765258215966,0.5925599895670318,0.4337506520605112,0.45522420907840444,0.6218956704750451
2,5,8,0.19686665047364585,0.21991134321107603,0.2687940247753218,0.8952091674720419,0.7324070936405738
2,5,9,0.3124472937985452,0.0998890395758846,0.17418320798915055,3.1279437176005924,1.7937853907134766
2,5,10,0.5000763149655605,0.4152512523481528,0.5860010958046337,1.2042740681400501,0.8533709553544597
2,5,12,0.5370329312031301,0.2223453972394305,0.36678621888925117,2.415309414410011,1.4641578760222829
2,5,13,0.5445240627492688,0.2606753522999202,0.001249667641584685,2.0888973888208895,435.7351063829787
2,5,14,0.5065313629113636,0.5883597539142607,0.2120373685752417,0.8609211618257261,2.3888778016579675
2,5,15,0.5031631288651178,0.7406819321410664,0.22597359184355675,0.6793241566061153,2.2266457100591714
2,5,16,0.48248296538566365,0.9062414826928318,0.20910329790133553,0.5324,2.307390510948905
2,5,17,0.37841176470588234,1.1009558823529413,0.21970588235294117,0.34371201496026177,1.7223560910307898
2,5,18,0.2392934838910183,1.2686211540453745,0.22117476432197244,0.18862485709619464,1.0819203747072597
2,5,19,0.12425705794947994,1.5335809806835068,0.3980683506686478,0.08102412556922778,0.31215005599104145
2,5,20,0.1256378600823046,1.5296296296296297,0.202880658436214,0.08213613128867371,0.619269776876268
2,5,21,0.1513109596224436,1.3951232302045098,0.19716832721552177,0.1084570569441834,0.7674202127659572
2,5,22,0.2710779745262504,0.9487418452935694,0.11494252873563218,0.2857236411263916,2.3583783783783785
2,5,23,0.3310012310217481,0.752154288059089,0.170701682396389,0.4400709219858157,1.9390625000000004
2,5,24,0.3706413301662708,0.6541567695961995,0.25225653206650833,0.5665940450254177,1.4693032015065914
2,5,25,0.3927257525083613,0.5273132664437012,0.08974358974358974,0.7447674418604653,4.37608695652174
2,5,26,0.5150423728813559,0.36138014527845036,0.24818401937046006,1.4252093802345058,2.0752439024390243
2,5,27,0.6757046568627451,0.2034313725490196,0.27818627450980393,3.321536144578313,2.428964757709251
2,15,2,0.34088591459528356,0.5401529636711281,0.14483747609942638,0.6310914454277285,2.353575357535753
2,15,3,0.0025702723394946956,0.6274745707098327,0.4077436290057968,0.004096217535297194,0.006303648068669528
2,15,4,0.2206163448410376,0.7335023730576685,0.5396918275794812,0.30077113986881754,0.4087820744488615
2,15,5,0.43084875257993266,0.785494441829308,0.6581453452583553,0.5485064306458305,0.6546407350352114
2,15,6,0.5516575657979865,0.7724437773349551,0.6507595559121141,0.7141718038059501,0.8477133540125665
2,15,7,0.3528022300469484,0.5925599895670318,0.4337506520605112,0.5953865199449794,0.8133756764882742
2,15,8,0.2658261476803498,0.21991134321107603,0.2687940247753218,1.2087877951125225,0.9889585451259462
2,15,9,0.3543595117741339,0.0998890395758846,0.17418320798915055,3.547531473710195,2.034406851642129
2,15,10,0.5070336959924859,0.4152512523481528,0.5860010958046337,1.2210286979878422,0.8652435970214045
2,15,12,0.5480404303880013,0.2223453972394305,0.36678621888925117,2.4648157200117313,1.4941685433210858
2,15,13,0.5711566072852965,0.2606753522999202,0.001249667641584685,2.191064871481028,457.0468085106383
2,15,14,0.5836756615995573,0.5883597539142607,0.2120373685752417,0.9920387275242046,2.752701872889162
2,15,15,0.5990890857429383,0.7406819321410664,0.22597359184355675,0.8088344804242356,2.6511464497041417
2,15,16,0.5729899155083129,0.9062414826928318,0.20910329790133553,0.6322706766917294,2.7402241918665275
2,15,17,0.4771948529411765,1.1009558823529413,0.21970588235294117,0.43343685300207035,2.171971218206158
2,15,18,0.3427483683828862,1.2686211540453745,0.22117476432197244,0.2701739343459089,1.5496721311475412
2,15,19,0.25101040118870716,1.5335809806835068,0.3980683506686478,0.16367600038755925,0.6305711086226201
2,15,20,0.21477366255144037,1.5296296296296297,0.202880658436214,0.1404089319343557,1.0586206896551726
2,15,21,0.2594782380702675,1.3951232302045098,0.19716832721552177,0.18598947566246948,1.3160239361702128
2,15,22,0.37121776949363156,0.9487418452935694,0.11494252873563218,0.39127373935821874,3.2295945945945945
2,15,23,0.40894542470250306,0.752154288059089,0.170701682396389,0.5436988543371521,2.3956730769230767
2,15,24,0.4411638954869359,0.6541567695961995,0.25225653206650833,0.6744008714596951,1.748870056497175
2,15,25,0.48358416945373467,0.5273132664437012,0.08974358974358974,0.9170718816067653,5.388509316770186
2,15,26,0.6084745762711865,0.36138014527845036,0.24818401937046006,1.6837520938023454,2.451707317073171
2,15,27,0.764001225490196,0.2034313725490196,0.27818627450980393,3.755572289156626,2.7463656387665196
2,25,2,0.14707616316124908,0.5401529636711281,0.14483747609942638,0.27228613569321514,1.0154565456545648
2,25,3,0.08992671989500171,0.6274745707098327,0.4077436290057968,0.14331532159665342,0.22054721030042934
2,25,4,0.25140433001755413,0.7335023730576685,0.5396918275794812,0.3427450806594576,0.4658294181423925
2,25,5,0.4443187167324474,0.785494441829308,0.6581453452583553,0.5656548195270363,0.6751072843309859
2,25,6,0.5552651328899355,0.7724437773349551,0.6507595559121141,0.7188421334762798,0.8532569792412311
2,25,7,0.37277810380803333,0.5925599895670318,0.4337506520605112,0.6290976616231085,0.8594294948887551
2,25,8,0.3069118897255283,0.21991134321107603,0.2687940247753218,1.3956164572690875,1.1418106856432848
2,25,9,0.40933177166810497,0.0998890395758846,0.17418320798915055,4.097864724759318,2.3500070781426947
2,25,10,0.5360196853475266,0.4152512523481528,0.5860010958046337,1.290832194524292,0.9147076501819883
2,25,12,0.5628888164329964,0.2223453972394305,0.36678621888925117,2.5315964414898815,1.5346509422780608
2,25,13,0.575781706992821,0.2606753522999202,0.001249667641584685,2.208807629538964,460.7478723404255
2,25,14,0.5946551219035839,0.5883597539142607,0.2120373685752417,1.0106998616874137,2.804482652747928
2,25,15,0.6147793748955374,0.7406819321410664,0.22597359184355675,0.8300180525781338,2.720580621301775
2,25,16,0.5908639956391387,0.9062414826928318,0.20910329790133553,0.651993984962406,2.82570385818561
2,25,17,0.5334338235294118,1.1009558823529413,0.21970588235294117,0.48451880050758034,2.4279451137884878
2,25,18,0.4181601574640008,1.2686211540453745,0.22117476432197244,0.32961783439490444,1.8906323185011709
2,25,19,0.35728826151560167,1.5335809806835068,0.3980683506686478,0.23297645576978965,0.8975550578574093
2,25,20,0.3486419753086419,1.5296296296296297,0.202880658436214,0.2279257465698143,1.718458417849898
2,25,21,0.3946250655479811,1.3951232302045098,0.19716832721552177,0.2828603645931216,2.0014627659574464
2,25,22,0.49036968002485243,0.9487418452935694,0.11494252873563218,0.5168631303208906,4.2662162162162165
2,25,23,0.5236766516208452,0.752154288059089,0.170701682396389,0.6962356792144025,3.067788461538461
2,25,24,0.5523990498812351,0.6541567695961995,0.25225653206650833,0.8444444444444444,2.189830508474576
2,25,25,0.5815774804905239,0.5273132664437012,0.08974358974358974,1.102906976744186,6.480434782608695
2,25,26,0.6833535108958838,0.36138014527845036,0.24818401937046006,1.8909547738693468,2.7534146341463415
2,25,27,0.806280637254902,0.2034313725490196,0.27818627450980393,3.9634036144578313,2.8983480176211454
2,50,2,0.1724984066284258,0.5401529636711281,0.14483747609942638,0.3193510324483777,1.1909790979097914
2,50,3,0.268281745597725,0.6274745707098327,0.4077436290057968,0.42755795712044614,0.6579667381974248
2,50,4,0.3562674728561212,0.7335023730576685,0.5396918275794812,0.48570732139691547,0.6601313094807855
2,50,5,0.47208422348553425,0.785494441829308,0.6581453452583553,0.6010026275757157,0.7172947843309859
2,50,6,0.5766400973059703,0.7724437773349551,0.6507595559121141,0.7465140042883945,0.8861031575598504
2,50,7,0.45520670318205525,0.5925599895670318,0.4337506520605112,0.7682035763411279,1.0494663259170174
2,50,8,0.4394112824872479,0.21991134321107603,0.2687940247753218,1.9981292282203504,1.6347509318874955
2,50,9,0.5095795832819627,0.0998890395758846,0.17418320798915055,5.101456430510985,2.9255379388448466
2,50,10,0.6037678068252974,0.4152512523481528,0.5860010958046337,1.4539819047170255,1.03031856279427
2,50,12,0.6036506901423758,0.2223453972394305,0.36678621888925117,2.714923257405416,1.6457834538343012
2,50,13,0.5859678277053975,0.2606753522999202,0.001249667641584685,2.2478835169318643,468.8989361702127
2,50,14,0.598660525373523,0.5883597539142607,0.2120373685752417,1.0175076071922544,2.8233727356463003
2,50,15,0.6129366538525823,0.7406819321410664,0.22597359184355675,0.8275301816540674,2.7124260355029586
2,50,16,0.6112510220768601,0.9062414826928318,0.20910329790133553,0.6744902255639097,2.9232012513034404
2,50,17,0.5941985294117648,1.1009558823529413,0.21970588235294117,0.5397114806651974,2.704518072289157
2,50,18,0.5761006940847405,1.2686211540453745,0.22117476432197244,0.4541156295933366,2.604730679156909
2,50,19,0.5833432392273402,1.5335809806835068,0.3980683506686478,0.38037980815812417,1.4654348637551324
2,50,20,0.5912860082304527,1.5296296296296297,0.202880658436214,0.38655501748722093,2.914452332657201
2,50,21,0.6208573675930781,1.3951232302045098,0.19716832721552177,0.4450197331328697,3.1488696808510634
2,50,22,0.6641503572538056,0.9487418452935694,0.11494252873563218,0.7000327439423707,5.778108108108109
2,50,23,0.6456914238818219,0.752154288059089,0.170701682396389,0.858456082924168,3.7825721153846152
2,50,24,0.6463420427553443,0.6541567695961995,0.25225653206650833,0.9880537400145243,2.5622410546139354
2,50,25,0.6289855072463768,0.5273132664437012,0.08974358974358974,1.1928118393234672,7.0086956521739125
2,50,26,0.6572033898305085,0.36138014527845036,0.24818401937046006,1.8185929648241208,2.648048780487805
2,50,27,0.7665441176470589,0.2034313725490196,0.27818627450980393,3.7680722891566267,2.7555066079295156
2,75,2,0.18675111536010186,0.5401529636711281,0.14483747609942638,0.34573746312684345,1.2893839383938386
2,75,3,0.18132451055452262,0.6274745707098327,0.4077436290057968,0.2889750740805299,0.4447022532188842
2,75,4,0.270252259280931,0.7335023730576685,0.5396918275794812,0.368440879276724,0.5007529213347789
2,75,5,0.4278705145381468,0.785494441829308,0.6581453452583553,0.5447148849859401,0.650115536971831
2,75,6,0.5407636965917032,0.7724437773349551,0.6507595559121141,0.7000686813186815,0.8309731169967391
2,75,7,0.43226884454877423,0.5925599895670318,0.4337506520605112,0.7294938101788172,0.9965837342152738
2,75,8,0.47135808841389365,0.21991134321107603,0.2687940247753218,2.1434005246444845,1.753603298316955
2,75,9,0.5544433485390211,0.0998890395758846,0.17418320798915055,5.550592446309554,3.1831044733861833
2,75,10,0.643417345021916,0.4152512523481528,0.5860010958046337,1.5494651524433343,1.0979797642501752
2,75,12,0.631533528964243,0.2223453972394305,0.36678621888925117,2.840326522631733,1.7218027734976886
2,75,13,0.6065962209691967,0.2606753522999202,0.001249667641584685,2.3270179386629426,485.4060398010955
2,75,14,0.6212167572670161,0.5883597539142607,0.2120373685752417,1.0558450899031813,2.929751304881793
2,75,15,0.6445992812970082,0.7406819321410664,0.22597359184355675,0.8702781225318741,2.8525425295857985
2,75,16,0.654736985554647,0.9062414826928318,0.20910329790133553,0.7224751879699248,3.1311652763295093
2,75,17,0.6500367647058823,1.1009558823529413,0.21970588235294117,0.5904294396580511,2.9586680053547525
2,75,18,0.6607013363721123,1.2686211540453745,0.22117476432197244,0.5208027110893353,2.9872365339578453
2,75,19,0.6587221396731054,1.5335809806835068,0.3980683506686478,0.4295320220908826,1.6547965658827921
2,75,20,0.6628086419753086,1.5296296296296297,0.202880658436214,0.4333131557707829,3.2669878296146044
2,75,21,0.6775957000524384,1.3951232302045098,0.19716832721552177,0.48568878030445406,3.436635638297872
2,75,22,0.703619136377757,0.9487418452935694,0.11494252873563218,0.741633922724296,6.121486486486486
2,75,23,0.6823758719737382,0.752154288059089,0.170701682396389,0.9072285870158211,3.9974759615384614
2,75,24,0.6754394299287411,0.6541567695961995,0.25225653206650833,1.0325344952795934,2.67758945386064
2,75,25,0.6544871794871795,0.5273132664437012,0.08974358974358974,1.2411733615221987,7.292857142857143
2,75,26,0.6744854721549637,0.36138014527845036,0.24818401937046006,1.8664154103852597,2.7176829268292684
2,75,27,0.7796875,0.2034313725490196,0.27818627450980393,3.832680722891566,2.8027533039647574
3,5,2,0.6953461664661489,0.684348682051843,0.3763534944766488,1.0160700015982098,1.8475879104911361
3,5,3,0.04626487224497759,0.7785579611208634,0.5937845393667512,0.059423799582463493,0.0779152523814738
3,5,4,0.3893000687982041,0.8515769272549517,0.7097802078429952,0.45715196870482194,0.5484797469645957
3,5,5,0.4859385109081028,0.8466913382158847,0.7500323490592894,0.5739263991197237,0.6478900696984335
3,5,6,0.254942618675013,0.7133215962441315,0.5822900365153886,0.3574020750491338,0.4378275475923852
3,5,7,0.2788514087928103,0.6205671605538013,0.510687393733301,0.44934928323303486,0.5460315101070154
3,5,8,0.37822216742695103,0.3664652940451239,0.4147454074713352,1.0320818194051944,0.9119381688466112
3,5,9,0.4913676033187226,0.28569192235441454,0.46900438321853477,1.7199212328767122,1.0476823264352468
3,5,10,0.5736848431057118,0.4474399511843346,0.6302952977940497,1.2821493511860484,0.9101842344588845
3,5,12,0.5694496144642383,0.04876362669502792,0.2996809359212975,11.677753544165757,1.90018631887144
3,5,13,0.5980046222453695,0.5433742391198203,0.10055011230103186,1.1005391481459292,5.947329232761411
3,5,14,0.570796423199064,1.0389436737422697,0.42457797091759986,0.54940074002574,1.3443853951382738
3,5,15,0.5191441809757428,1.2708094848732625,0.31370945761787955,0.4085145626903445,1.6548566463944396
3,5,16,0.4354632352941177,1.5713235294117647,0.3497794117647059,0.2771314927468414,1.244965314273702
3,5,17,0.30112400290065267,1.9600124313684866,0.3991505231534238,0.15363372093023256,0.7544121463794446
3,5,18,0.16943536404160478,2.2539375928677563,0.5099554234769688,0.07517305029995386,0.3322552447552448
3,5,19,0.10737654320987662,2.5084362139917697,0.5652263374485597,0.04280616848494794,0.18997087732071366
3,5,20,0.2326428945988464,2.2233875196643944,0.21027792343995805,0.10463443396226417,1.1063591022443893
3,5,21,0.2974060267163715,1.837837837837838,0.0391425908667288,0.16182386747802566,7.598015873015872
3,5,22,0.3211735740664752,1.5740664751743947,0.10709889208042675,0.20404066736183527,2.9988505747126437
3,5,23,0.41199524940617577,1.0285035629453683,0.22755344418052256,0.4005773672055427,1.8105427974947808
3,5,24,0.44528985507246377,0.9409141583054627,0.2787068004459309,0.47325236966824646,1.5977
3,5,25,0.5447033898305085,0.6585956416464891,0.14043583535108958,0.8270680147058823,3.8786637931034487
3,5,26,0.6924019607843137,0.37806372549019607,0.24509803921568626,1.8314424635332254,2.825
3,15,2,0.2971180137810346,0.684348682051843,0.3763534944766488,0.4341617388524851,0.789465271723336
3,15,3,0.13161367921461545,0.7785579611208634,0.5937845393667512,0.16904801670146138,0.22165225008211978
3,15,4,0.4220824130064815,0.8515769272549517,0.7097802078429952,0.4956480142869292,0.5946663605754515
3,15,5,0.5353821070883258,0.8466913382158847,0.7500323490592894,0.6323226457193507,0.7138120212545717
3,15,6,0.3684288601982263,0.7133215962441315,0.5822900365153886,0.5164975547328486,0.6327239641657334
3,15,7,0.3674125576876366,0.6205671605538013,0.510687393733301,0.5920592984001173,0.7194470868014268
3,15,8,0.41339045740352603,0.3664652940451239,0.4147454074713352,1.1280480419862737,0.9967330558858501
3,15,9,0.5103113259236067,0.28569192235441454,0.46900438321853477,1.7862294520547943,1.0880736815754337
3,15,10,0.568516669440284,0.4474399511843346,0.6302952977940497,1.2705988098189933,0.901984627570628
3,15,12,0.5628596118053709,0.04876362669502792,0.2996809359212975,11.542611777535441,1.8781962558779168
3,15,13,0.609369812180593,0.5433742391198203,0.10055011230103186,1.121455100940514,6.060359339592101
3,15,14,0.6306368042787899,1.0389436737422697,0.42457797091759986,0.6069980694980696,1.485326247416593
3,15,15,0.6213736713000818,1.2708094848732625,0.31370945761787955,0.48895894994209244,1.9807298001737619
3,15,16,0.5575698529411766,1.5713235294117647,0.3497794117647059,0.3548408984557792,1.5940613832247217
3,15,17,0.4365171449290377,1.9600124313684866,0.3991505231534238,0.22271141649048629,1.0936153646509217
3,15,18,0.3041827637444279,2.2539375928677563,0.5099554234769688,0.13495616059067833,0.5964889277389277
3,15,19,0.24730452674897122,2.5084362139917697,0.5652263374485597,0.09858912312361579,0.43753185293046964
3,15,20,0.2803224960671212,2.2233875196643944,0.21027792343995805,0.12607900943396227,1.3331047381546137
3,15,21,0.3816247281764523,1.837837837837838,0.0391425908667288,0.20764874915483433,9.749603174603175
3,15,22,0.40336479277800574,1.5740664751743947,0.10709889208042675,0.2562565172054223,3.766283524904215
3,15,23,0.46501187648456055,1.0285035629453683,0.22755344418052256,0.45212471131639714,2.043528183716075
3,15,24,0.5031772575250837,0.9409141583054627,0.2787068004459309,0.5347748815165878,1.8054000000000003
3,15,25,0.6201271186440678,0.6585956416464891,0.14043583535108958,0.9415900735294117,4.41573275862069
3,15,26,0.7737745098039216,0.37806372549019607,0.24509803921568626,2.0466774716369533,3.157
3,25,2,0.1219184075248825,0.684348682051843,0.3763534944766488,0.17815246923445752,0.32394652717233385
3,25,3,0.22008321955659582,0.7785579611208634,0.5937845393667512,0.28268058455114825,0.37064491404795796
3,25,4,0.45327153564833256,0.8515769272549517,0.7097802078429952,0.5322731524789522,0.638608305274972
3,25,5,0.5558008333117673,0.8466913382158847,0.7500323490592894,0.6564385487666963,0.7410358153336554
3,25,6,0.4003276604068857,0.7133215962441315,0.5822900365153886,0.5612162347456464,0.6875055991041433
3,25,7,0.38446380859849394,0.6205671605538013,0.510687393733301,0.6195361808307644,0.7528359096313909
3,25,8,0.4422007150782888,0.3664652940451239,0.4147454074713352,1.206664648095815,1.0661979785969087
3,25,9,0.5442098465873513,0.28569192235441454,0.46900438321853477,1.9048835616438355,1.1603513017356475
3,25,10,0.5990597437177567,0.4474399511843346,0.6302952977940497,1.3388606496404662,0.9504429841288468
3,25,12,0.571036958255783,0.04876362669502792,0.2996809359212975,11.71030534351145,1.9054830982166624
3,25,13,0.6124849451515251,0.5433742391198203,0.10055011230103186,1.1271880428922305,6.091340239559729
3,25,14,0.6358796076002612,1.0389436737422697,0.42457797091759986,0.6120443520386685,1.4976745171823098
3,25,15,0.6358353774870537,1.2708094848732625,0.31370945761787955,0.5003388667267189,2.026828844483058
3,25,16,0.5816580882352941,1.5713235294117647,0.3497794117647059,0.3701708001871783,1.6629283161656505
3,25,17,0.5006422873718015,1.9600124313684866,0.3991505231534238,0.25542811839323465,1.2542694004671684
3,25,18,0.3921173848439821,2.2539375928677563,0.5099554234769688,0.17396993869075086,0.7689248251748251
3,25,19,0.35625514403292186,2.5084362139917697,0.5652263374485597,0.1420228037076532,0.6302875864579542
3,25,20,0.4104352385946512,2.2233875196643944,0.21027792343995805,0.18459905660377354,1.9518703241895259
3,25,21,0.4896707051879466,1.837837837837838,0.0391425908667288,0.26643847194050035,12.509920634920636
3,25,22,0.5207632334837915,1.5740664751743947,0.10709889208042675,0.3308394160583941,4.862452107279693
3,25,23,0.5583610451306413,1.0285035629453683,0.22755344418052256,0.5428868360277136,2.453757828810021
3,25,24,0.5932274247491639,0.9409141583054627,0.2787068004459309,0.6304798578199052,2.1285000000000003
3,25,25,0.6970338983050848,0.6585956416464891,0.14043583535108958,1.0583639705882353,4.963362068965518
3,25,26,0.8185661764705883,0.37806372549019607,0.24509803921568626,2.1651539708265806,3.3397500000000004
3,50,2,0.17663786503335885,0.684348682051843,0.3763534944766488,0.2581109157743327,0.4693403080499855
3,50,3,0.33465639425264937,0.7785579611208634,0.5937845393667512,0.4298413361169102,0.5635990364611847
3,50,4,0.47543360973313536,0.8515769272549517,0.7097802078429952,0.5582978994812483,0.6698321599836752
3,50,5,0.5756372764680003,0.8466913382158847,0.7500323490592894,0.6798667359476724,0.7674832654751225
3,50,6,0.46024387063119454,0.7133215962441315,0.5822900365153886,0.6452123040358334,0.7904031354983203
3,50,7,0.47492105902356085,0.6205671605538013,0.510687393733301,0.765301629238221,0.9299643281807372
3,50,8,0.5282542226605843,0.3664652940451239,0.4147454074713352,1.441484995290001,1.2736831153388821
3,50,9,0.6088016593613024,0.28569192235441454,0.46900438321853477,2.1309726027397256,1.2980724299065418
3,50,10,0.6394944620106877,0.4474399511843346,0.6302952977940497,1.4292296884040003,1.0145950068941239
3,50,12,0.5905158202605689,0.04876362669502792,0.2996809359212975,12.109760087241002,1.9704817673675803
3,50,13,0.6073841997330817,0.5433742391198203,0.10055011230103186,1.1178008746181036,6.04061184849466
3,50,14,0.6255369379909744,1.0389436737422697,0.42457797091759986,0.6020893661518661,1.4733146343863794
3,50,15,0.6232733714908695,1.2708094848732625,0.31370945761787955,0.49045382404666926,1.9867854039965247
3,50,16,0.6076139705882352,1.5713235294117647,0.3497794117647059,0.3866892840430509,1.7371347487912547
3,50,17,0.5890448565212887,1.9600124313684866,0.3991505231534238,0.3005311839323467,1.4757461718141707
3,50,18,0.5905497771173849,2.2539375928677563,0.5099554234769688,0.26200804271870265,1.158041958041958
3,50,19,0.5965637860082305,2.5084362139917697,0.5652263374485597,0.237822984168649,1.0554423006916636
3,50,20,0.6262978500262192,2.2233875196643944,0.21027792343995805,0.28168632075471695,2.978428927680798
3,50,21,0.6688257222739981,1.837837837837838,0.0391425908667288,0.36391987829614597,17.08690476190476
3,50,22,0.6527903159622487,1.5740664751743947,0.10709889208042675,0.4147158498435871,6.095210727969349
3,50,23,0.6510451306413302,1.0285035629453683,0.22755344418052256,0.6330023094688221,2.8610647181628392
3,50,24,0.6323299888517281,0.9409141583054627,0.2787068004459309,0.6720379146919432,2.2688000000000006
3,50,25,0.6693099273607749,0.6585956416464891,0.14043583535108958,1.0162683823529413,4.76594827586207
3,50,26,0.7871629901960785,0.37806372549019607,0.24509803921568626,2.0820907617504054,3.211625
3,75,2,0.18119326260527174,0.684348682051843,0.3763534944766488,0.2647674604443023,0.4814443475733797
3,75,3,0.26763539431766464,0.7785579611208634,0.5937845393667512,0.34375782881002087,0.45072812876382345
3,75,4,0.4245500959553898,0.8515769272549517,0.7097802078429952,0.49854579471043453,0.5981430466278951
3,75,5,0.5387179420822442,0.8466913382158847,0.7500323490592894,0.6362624935049056,0.7182596094127388
3,75,6,0.42913406364110596,0.7133215962441315,0.5822900365153886,0.6015997074820605,0.7369764837625982
3,75,7,0.4716313456400292,0.6205671605538013,0.510687393733301,0.760000489260727,0.9235225921521998
3,75,8,0.5571150289729997,0.3664652940451239,0.4147454074713352,1.5202395370744182,1.3432699167657554
3,75,9,0.6413265106449593,0.28569192235441454,0.46900438321853477,2.2448184931506847,1.367421144859813
3,75,10,0.6603714798173111,0.4474399511843346,0.6302952977940497,1.4758885031820814,1.0477176049520345
3,75,12,0.612057963307631,0.04876362669502792,0.2996809359212975,12.551526717557252,2.0423653624345666
3,75,13,0.6249991862244068,0.5433742391198203,0.10055011230103186,1.1502186545258493,6.215797992877954
3,75,14,0.6455060170483036,1.0389436737422697,0.42457797091759986,0.6213099259974261,1.520347406751304
3,75,15,0.6547805941673481,1.2708094848732625,0.31370945761787955,0.5152468579762365,2.0872198088618594
3,75,16,0.6506323529411765,1.5713235294117647,0.3497794117647059,0.4140664482919982,1.8601219255833508
3,75,17,0.6617631824303325,1.9600124313684866,0.3991505231534238,0.3376321353065539,1.6579288865818842
3,75,18,0.6610549777117384,2.2539375928677563,0.5099554234769688,0.29328894455798005,1.2962995337995338
3,75,19,0.6649382716049382,2.5084362139917697,0.5652263374485597,0.2650807973094906,1.1764106297779395
3,75,20,0.6791557420031463,2.2233875196643944,0.21027792343995805,0.30545990566037734,3.2298004987531175
3,75,21,0.7049394221808014,1.837837837837838,0.0391425908667288,0.3835699797160243,18.009523809523806
3,75,22,0.6820270824784571,1.5740664751743947,0.10709889208042675,0.4332898852971846,6.368199233716475
3,75,23,0.6753681710213777,1.0285035629453683,0.22755344418052256,0.6566512702078522,2.967954070981211
3,75,24,0.6545707915273132,0.9409141583054627,0.2787068004459309,0.695675355450237,2.3486
3,75,25,0.6745762711864407,0.6585956416464891,0.14043583535108958,1.024264705882353,4.80344827586207
3,75,26,0.7804227941176471,0.37806372549019607,0.24509803921568626,2.064262560777958,3.1841250000000003
