horizon,k_perc,round,wis_adaptive,wis_baseline,wis_flusight,wis_adaptive_baseline,wis_adaptive_flusight
0,5,4,655.5114782608697,1652.431304347826,987.186956521739,0.39669514644034415,0.6640195901397473
0,5,5,694.5322608695652,2485.357391304348,1688.567391304348,0.2794496531161121,0.41131450509243106
0,5,6,2025.9160869565217,5360.74,3368.9952173913034,0.3779172440664016,0.6013413365796461
0,5,7,8752.249304347824,13855.338260869563,10670.385652173913,0.6316878837282557,0.8202373925036814
0,5,8,9869.81904347826,11629.381739130436,9895.610869565216,0.8486967978932519,0.9973936095075967
0,5,9,2333.042630434783,4624.246956521739,5414.1434782608685,0.504523796494997,0.43091629170939577
0,5,10,3030.8721304347823,2357.3539130434783,3958.3282608695654,1.2857094192198546,0.7656949931102885
0,5,12,20591.350608695648,13752.23652173913,13619.302608695652,1.4973092250228133,1.5119240096441122
0,5,13,23432.640804347826,5165.332173913043,6492.5160869565225,4.5365215663557645,3.609177164986013
0,5,14,15543.404021739128,2205.430434782609,3361.3052173913043,7.047787033587053,4.624216789751186
0,5,15,10554.525326086958,3140.369565217391,2722.7486956521743,3.3609182317229354,3.8764228747739256
0,5,16,9447.815853735025,3294.6739130434776,2491.682608695652,2.867602713680256,3.791741299940595
0,5,17,7117.056338597705,3578.1982608695657,1774.2460869565216,1.9890055887702918,4.01131296888249
0,5,18,3819.0214782608678,2772.389565217391,1540.862608695652,1.3775197851610033,2.478495783276673
0,5,19,1542.1688695652172,2687.898260869565,1188.4343478260869,0.5737452536861676,1.2976475077367042
0,5,20,1091.926934782609,2093.5895652173913,961.3726086956522,0.5215573066104897,1.1357999228458227
0,5,21,631.0782173913043,1929.5504347826086,761.7869565217391,0.3270597160951661,0.8284182499957194
0,5,22,395.1830217391305,1302.1199999999997,577.8960869565218,0.3034920143605279,0.6838305893717916
0,5,23,463.0069782608696,763.9521739130433,511.845652173913,0.6060680158671441,0.9045832006081997
0,5,24,556.2446304347825,665.3608695652174,482.99,0.8360044238824305,1.151669041667079
0,5,25,379.9048695652173,653.7695652173912,334.79478260869564,0.5810990443381858,1.134739515965653
0,15,4,772.4055695652174,1652.431304347826,987.186956521739,0.4674358126312954,0.7824308905850177
0,15,5,983.9132695652172,2485.357391304348,1688.567391304348,0.39588401773028176,0.5826911467271586
0,15,6,2140.729473913043,5360.74,3368.9952173913034,0.3993346951937686,0.6354207518200821
0,15,7,7936.625052173913,13855.338260869563,10670.385652173913,0.5728207354264774,0.7437992693878837
0,15,8,10880.877113043476,11629.381739130436,9895.610869565216,0.9356367653175922,1.0995659850074067
0,15,9,3422.601265217391,4624.246956521739,5414.1434782608685,0.7401424053251255,0.6321593210375723
0,15,10,4067.88011407085,2357.3539130434783,3958.3282608695654,1.7256128117050464,1.027676293117039
0,15,12,22127.801321739124,13752.23652173913,13619.302608695652,1.6090329225184679,1.6247382085196467
0,15,13,25718.92708260869,5165.332173913043,6492.5160869565225,4.979142912144039,3.96131896142361
0,15,14,18913.33025494069,2205.430434782609,3361.3052173913043,8.57579996931755,5.626781571957114
0,15,15,13889.208050438745,3140.369565217391,2722.7486956521743,4.422794120881524,5.1011715009239555
0,15,16,11498.639882335601,3294.6739130434776,2491.682608695652,3.4900691800827275,4.614809222573864
0,15,17,8209.832280117167,3578.1982608695657,1774.2460869565216,2.294403965788646,4.627222988103088
0,15,18,4803.129004003169,2772.389565217391,1540.862608695652,1.7324870444845084,3.1171689006517216
0,15,19,2423.369591304348,2687.898260869565,1188.4343478260869,0.9015853116852574,2.0391278624159885
0,15,20,1611.8622173913038,2093.5895652173913,961.3726086956522,0.7699036354453427,1.6766259021860497
0,15,21,1012.3642173913041,1929.5504347826086,761.7869565217391,0.5246632578978747,1.3289335144482937
0,15,22,693.4488130434784,1302.1199999999997,577.8960869565218,0.5325536917054331,1.1999541590522143
0,15,23,675.8492565217389,763.9521739130433,511.845652173913,0.8846748259907004,1.3204161325807284
0,15,24,752.6990304347823,665.3608695652174,482.99,1.1312643482124767,1.5584153511144792
0,15,25,571.3485913043477,653.7695652173912,334.79478260869564,0.8739296255162368,1.706563605479281
0,25,4,876.9250521739134,1652.431304347826,987.186956521739,0.5306877507504096,0.8883069679766402
0,25,5,1249.6292260869564,2485.357391304348,1688.567391304348,0.5027965919344641,0.7400529185404142
0,25,6,2504.7582478260865,5360.74,3368.9952173913034,0.4672411360793634,0.743473375947854
0,25,7,7695.7082086956525,13855.338260869563,10670.385652173913,0.5554327194183326,0.7212211872705633
0,25,8,11489.697030434776,11629.381739130436,9895.610869565216,0.9879886384479365,1.161090222916132
0,25,9,4693.587054672454,4624.246956521739,5414.1434782608685,1.0149948951262047,0.8669122038450536
0,25,10,5557.990651406024,2357.3539130434783,3958.3282608695654,2.3577243199050844,1.4041257533767664
0,25,12,23309.085469565216,13752.23652173913,13619.302608695652,1.6949305251345044,1.7114742317776852
0,25,13,26633.610548320194,5165.332173913043,6492.5160869565225,5.156224159760797,4.102201702946439
0,25,14,19577.440308664805,2205.430434782609,3361.3052173913043,8.876924885003035,5.8243566241386375
0,25,15,14869.707380492468,3140.369565217391,2722.7486956521743,4.7350183065040365,5.461285282860362
0,25,16,12413.80135274671,3294.6739130434776,2491.682608695652,3.7678391489977154,4.982095757069596
0,25,17,9038.400671982872,3578.1982608695657,1774.2460869565216,2.5259641900855376,5.0942204344872035
0,25,18,5558.6633532455935,2772.389565217391,1540.862608695652,2.005008034579629,3.607500968532834
0,25,19,3260.685508695653,2687.898260869565,1188.4343478260869,1.2130985596310422,2.7436816469165324
0,25,20,2261.297965217391,2093.5895652173913,961.3726086956522,1.080105672470996,2.352155599986794
0,25,21,1488.0130130434782,1929.5504347826086,761.7869565217391,0.7711708314124083,1.953319100969688
0,25,22,1062.3129217391306,1302.1199999999997,577.8960869565218,0.8158333500285158,1.8382421091199637
0,25,23,973.4665652173915,763.9521739130433,511.845652173913,1.2742506644508822,1.9018752256327278
0,25,24,1014.9749826086952,665.3608695652174,482.99,1.525450366914325,2.1014409876160896
0,25,25,776.0563347826086,653.7695652173912,334.79478260869564,1.187048734097242,2.3180060595199135
0,50,4,1424.1222521739128,1652.431304347826,987.186956521739,0.8618344668409552,1.442606431097585
0,50,5,2109.2812869565214,2485.357391304348,1688.567391304348,0.8486832897097117,1.2491543410222967
0,50,6,3753.63544347826,5360.74,3368.9952173913034,0.7002084494823961,1.1141706061502792
0,50,7,8844.072899999996,13855.338260869563,10670.385652173913,0.6383151918403571,0.8288428542597394
0,50,8,14217.621793523964,11629.381739130436,9895.610869565216,1.2225604174368652,1.4367603961925641
0,50,9,7659.121452173911,4624.246956521739,5414.1434782608685,1.656295938384515,1.4146506244112642
0,50,10,8862.0549173913,2357.3539130434783,3958.3282608695654,3.7593230563966875,2.23883779549008
0,50,12,25856.18366701358,13752.23652173913,13619.302608695652,1.8801439043126467,1.8984954229965436
0,50,13,28521.185139600224,5165.332173913043,6492.5160869565225,5.521655564310736,4.392932533028196
0,50,14,21180.881802691707,2205.430434782609,3361.3052173913043,9.603967311160972,6.301386048818888
0,50,15,16418.303663581606,3140.369565217391,2722.7486956521743,5.228143797287456,6.030047389169335
0,50,16,13590.416632067181,3294.6739130434776,2491.682608695652,4.124965623536607,5.454312914750207
0,50,17,10106.901946919692,3578.1982608695657,1774.2460869565216,2.8245785197110727,5.696448774057442
0,50,18,7117.293615569261,2772.389565217391,1540.862608695652,2.5672054551291654,4.619031947043018
0,50,19,4985.78192391751,2687.898260869565,1188.4343478260869,1.8548997915957406,4.19525229394255
0,50,20,3563.9147055938843,2093.5895652173913,961.3726086956522,1.7022986571982743,3.7071107220635775
0,50,21,2444.457728951686,1929.5504347826086,761.7869565217391,1.2668535037422275,3.2088469197646714
0,50,22,1772.8384782608694,1302.1199999999997,577.8960869565218,1.3615016114189704,3.067746119544584
0,50,23,1498.1608478260866,763.9521739130433,511.845652173913,1.9610662800425702,2.9269777743800143
0,50,24,1407.2534826086953,665.3608695652174,482.99,2.115022910091287,2.913628610548242
0,50,25,1054.8783434782606,653.7695652173912,334.79478260869564,1.6135323508482577,3.150820736388806
0,75,4,2412.1212345046506,1652.431304347826,987.186956521739,1.4597407033853402,2.4434289964724965
0,75,5,3338.7144941660454,2485.357391304348,1688.567391304348,1.3433538797467854,1.9772468136951453
0,75,6,4606.664962478146,5360.74,3368.9952173913034,0.8593337790077762,1.3673705853596316
0,75,7,8262.403410675633,13855.338260869563,10670.385652173913,0.596333575919285,0.774330345688331
0,75,8,14095.209143034828,11629.381739130436,9895.610869565216,1.212034264522197,1.4243899976287295
0,75,9,9125.106954459638,4624.246956521739,5414.1434782608685,1.9733173942170577,1.6854202314916864
0,75,10,10358.528657499406,2357.3539130434783,3958.3282608695654,4.394133863474897,2.6168948037735116
0,75,12,24172.72248467345,13752.23652173913,13619.302608695652,1.7577302751055743,1.774886951204069
0,75,13,28400.689375096084,5165.332173913043,6492.5160869565225,5.498327778130267,4.374373354600249
0,75,14,22069.133997036068,2205.430434782609,3361.3052173913043,10.006724151882596,6.565644167881855
0,75,15,17425.468633794768,3140.369565217391,2722.7486956521743,5.548859225614262,6.3999548183130734
0,75,16,14745.207066261572,3294.6739130434776,2491.682608695652,4.47546781728107,5.917770993304964
0,75,17,11323.161809510702,3578.1982608695657,1774.2460869565216,3.1644869803158904,6.381956760538246
0,75,18,8280.854686010223,2772.389565217391,1540.862608695652,2.9869015487226083,5.374168105110948
0,75,19,5935.764207563014,2687.898260869565,1188.4343478260869,2.2083291968211354,4.994608426137177
0,75,20,4196.106107930206,2093.5895652173913,961.3726086956522,2.004263957770776,4.364703206619645
0,75,21,2862.0752510897823,1929.5504347826086,761.7869565217391,1.4832860543560946,3.757054681216647
0,75,22,2009.91949547196,1302.1199999999997,577.8960869565218,1.54357470545876,3.477994644430214
0,75,23,1634.9492572808938,763.9521739130433,511.845652173913,2.1401199094787726,3.1942232005623774
0,75,24,1498.680071039274,665.3608695652174,482.99,2.2524319351971993,3.10292153261822
0,75,25,1133.5402683196448,653.7695652173912,334.79478260869564,1.733852917950869,3.3857763836317423
1,5,4,1196.4406521739133,3680.1482608695646,2259.7182608695653,0.3251066444511157,0.5294645234727224
1,5,5,2080.9095869565226,7746.9365217391305,5646.666956521739,0.26861064126666856,0.36851997877316484
1,5,6,7970.663499999999,17132.01217391304,12774.162173913042,0.4652496985810545,0.6239676145866861
1,5,7,15586.059673913043,24441.34956521739,18915.718260869562,0.6376922695010935,0.8239739807372531
1,5,8,2842.206673913044,3679.9952173913034,3210.639565217391,0.7723397738347726,0.8852462620545198
1,5,9,2679.4498260869564,2650.1786956521737,3945.4373913043482,1.0110449648104123,0.679126180532582
1,5,10,10589.740608695649,8418.079565217391,11515.993043478262,1.2579758276996253,0.9195681665241047
1,5,12,24374.77289130435,16058.192608695654,16716.246521739125,1.517902636072829,1.4581486854483434
1,5,13,17602.28913043478,1446.4760869565216,5579.763478260869,12.169084085911939,3.1546658203370934
1,5,14,12226.058173913043,8727.025652173912,4525.190869565217,1.40094216073119,2.701777345159306
1,5,15,10657.023847826087,8368.296086956521,3225.1243478260867,1.2734998543415494,3.3043761103380445
1,5,16,8857.148457534338,8449.416086956522,3024.3639130434785,1.0482556861186227,2.928598777195834
1,5,17,5453.961342890737,7686.43652173913,2400.386521739131,0.7095565451513969,2.2721179666261526
1,5,18,2392.0543562643857,6043.119565217391,1643.3873913043476,0.3958310489225502,1.4555632889247283
1,5,19,1140.7547826086957,5320.525652173913,1685.7404347826086,0.21440640590513738,0.6767084416266056
1,5,20,810.3295869565219,4013.9073913043467,1130.2243478260868,0.20188048899982214,0.7169634847410058
1,5,21,528.3647826086956,3143.623043478261,820.8743478260869,0.16807510802061257,0.643660974432882
1,5,22,442.88630434782607,2026.2313043478257,633.901304347826,0.2185763803952165,0.6986676022121123
1,5,23,700.168456521739,1344.3913043478258,599.3065217391304,0.5208070405226222,1.168297742680852
1,5,24,475.08515217391283,1296.6473913043478,509.02565217391293,0.3663950240905558,0.9333226137915658
1,5,25,433.3719347826086,1120.725652173913,412.40173913043475,0.3866886904408595,1.050848950580059
1,15,4,1319.683773913044,3680.1482608695646,2259.7182608695653,0.3585952739852992,0.584003677257188
1,15,5,2312.2671913043478,7746.9365217391305,5646.666956521739,0.29847504040026146,0.4094923977469125
1,15,6,7894.011317391302,17132.01217391304,12774.162173913042,0.4607754907746058,0.6179670502001441
1,15,7,14823.108265217388,24441.34956521739,18915.718260869562,0.6064766687970549,0.7836397254806631
1,15,8,4490.254139130435,3679.9952173913034,3210.639565217391,1.2201793409703159,1.3985544150691365
1,15,9,4179.957208695651,2650.1786956521737,3945.4373913043482,1.5772359862197969,1.0594407651501907
1,15,10,11335.819447826085,8418.079565217391,11515.993043478262,1.346603980160093,0.9843544890161068
1,15,12,25848.7401173913,16058.192608695654,16716.246521739125,1.6096917472140655,1.5463244146211625
1,15,13,19731.88194347826,1446.4760869565216,5579.763478260869,13.641346802348737,3.5363294556041645
1,15,14,15049.334291304347,8727.025652173912,4525.190869565217,1.7244517079602648,3.3256794520029374
1,15,15,13135.367686280537,8368.296086956521,3225.1243478260867,1.569658572042443,4.072825190487463
1,15,16,9755.751122511101,8449.416086956522,3024.3639130434785,1.1546065458382604,3.2257199870810824
1,15,17,6208.016628497966,7686.43652173913,2400.386521739131,0.8076586088937534,2.5862570766311945
1,15,18,3216.114202796748,6043.119565217391,1643.3873913043476,0.5321943688335834,1.9570030899678108
1,15,19,1770.7477565217391,5320.525652173913,1685.7404347826086,0.3328144383249481,1.0504272899819793
1,15,20,1109.091326086956,4013.9073913043467,1130.2243478260868,0.27631213627142237,0.981301923127228
1,15,21,759.8797913043479,3143.623043478261,820.8743478260869,0.24172102723346214,0.9256956235954135
1,15,22,672.3075260869563,2026.2313043478257,633.901304347826,0.33180196389441774,1.060587068484807
1,15,23,804.2904043478261,1344.3913043478258,599.3065217391304,0.5982561786488149,1.3420351275568503
1,15,24,607.8191217391303,1296.6473913043478,509.02565217391293,0.4687620750369933,1.1940834791788917
1,15,25,577.8840999999998,1120.725652173913,412.40173913043475,0.5156338653256098,1.4012649442713094
1,25,4,1457.2595913043485,3680.1482608695646,2259.7182608695653,0.3959785008661634,0.6448855224737523
1,25,5,2644.9362391304344,7746.9365217391305,5646.666956521739,0.34141705327109945,0.4684066298749227
1,25,6,8004.852217391302,17132.01217391304,12774.162173913042,0.46724530289444405,0.6266440106528894
1,25,7,14279.933086956522,24441.34956521739,18915.718260869562,0.5842530523469279,0.7549241794585742
1,25,8,5520.959565217391,3679.9952173913034,3210.639565217391,1.5002627011920742,1.7195824860033984
1,25,9,5830.134369565217,2650.1786956521737,3945.4373913043482,2.1999023609728696,1.4776902511277195
1,25,10,12678.122419114265,8418.079565217391,11515.993043478262,1.5060587537683674,1.10091438673577
1,25,12,27039.426374832583,16058.192608695654,16716.246521739125,1.6838399584390646,1.6175536978153786
1,25,13,20543.454347974195,1446.4760869565216,5579.763478260869,14.202415465573951,3.6817787040638663
1,25,14,15683.456786956518,8727.025652173912,4525.190869565217,1.7971136343629002,3.465811109192703
1,25,15,13307.949972939516,8368.296086956521,3225.1243478260867,1.5902819205551681,4.126337014543274
1,25,16,10006.875422686193,8449.416086956522,3024.3639130434785,1.1843274517080467,3.308753744722497
1,25,17,6740.772134975797,7686.43652173913,2400.386521739131,0.8769697265971349,2.808202793145149
1,25,18,3817.2855210226835,6043.119565217391,1643.3873913043476,0.6316746640251794,2.3228153880339346
1,25,19,2349.038311038012,5320.525652173913,1685.7404347826086,0.44150493101714844,1.3934756873414749
1,25,20,1545.1406521739134,4013.9073913043467,1130.2243478260868,0.38494676173179204,1.367109685033676
1,25,21,1085.9001652173913,3143.623043478261,820.8743478260869,0.34542950926326627,1.322857960043665
1,25,22,967.3904956521736,2026.2313043478257,633.901304347826,0.4774333974489371,1.5260900853445158
1,25,23,1028.3986739130432,1344.3913043478258,599.3065217391304,0.7649548688593513,1.715981115854919
1,25,24,790.5742043478261,1296.6473913043478,509.02565217391293,0.6097063933106416,1.5531126986852124
1,25,25,738.1878043478257,1120.725652173913,412.40173913043475,0.6586694994586191,1.7899725784481988
1,50,4,2176.0202869565223,3680.1482608695646,2259.7182608695653,0.5912860386886589,0.9629608808485555
1,50,5,3788.604934782607,7746.9365217391305,5646.666956521739,0.48904556325602794,0.6709453495228502
1,50,6,8928.885611800759,17132.01217391304,12774.162173913042,0.5211813721097395,0.6989801358585398
1,50,7,15421.821747826089,24441.34956521739,18915.718260869562,0.6309725944827924,0.8152913643109602
1,50,8,8162.432097967486,3679.9952173913034,3210.639565217391,2.2180550831676675,2.5423072045817796
1,50,9,9087.170002192563,2650.1786956521737,3945.4373913043482,3.428889537562421,2.303209784096555
1,50,10,15663.768517989725,8418.079565217391,11515.993043478262,1.860729445075662,1.3601752327264935
1,50,12,29139.238025809278,16058.192608695654,16716.246521739125,1.8146025979306115,1.7431687184030407
1,50,13,21913.324197252517,1446.4760869565216,5579.763478260869,15.149454868182133,3.927285499220225
1,50,14,16676.502347270645,8727.025652173912,4525.190869565217,1.9109033262800723,3.6852594350065355
1,50,15,13874.61573701897,8368.296086956521,3225.1243478260867,1.6579977085950661,4.302040554303351
1,50,16,10332.081426300832,8449.416086956522,3024.3639130434785,1.2228160289384502,3.4162824724037426
1,50,17,7293.707076657053,7686.43652173913,2400.386521739131,0.9489061746660704,3.038555253748304
1,50,18,5049.121674009239,6043.119565217391,1643.3873913043476,0.835515766239453,3.0723867669459106
1,50,19,3597.8774595778787,5320.525652173913,1685.7404347826086,0.6762259398388244,2.1343009785737608
1,50,20,2455.290837053337,4013.9073913043467,1130.2243478260868,0.6116959355794886,2.172392447372001
1,50,21,1779.2399092958628,3143.623043478261,820.8743478260869,0.565983861515159,2.167493617028971
1,50,22,1497.9294619134355,2026.2313043478257,633.901304347826,0.7392687393088953,2.3630326229641443
1,50,23,1415.0113521739127,1344.3913043478258,599.3065217391304,1.0525293845606545,2.361081184412418
1,50,24,1060.2254826086955,1296.6473913043478,509.02565217391293,0.8176667687135619,2.0828527562034544
1,50,25,935.8338347826086,1120.725652173913,412.40173913043475,0.8350249081631504,2.269228633118403
1,75,4,3392.144517319554,3680.1482608695646,2259.7182608695653,0.921741266075525,1.501136038089199
1,75,5,4756.720032212806,7746.9365217391305,5646.666956521739,0.614013038426828,0.8423942954026942
1,75,6,8401.93727021891,17132.01217391304,12774.162173913042,0.49042326055619795,0.6577290280044401
1,75,7,14154.695650545415,24441.34956521739,18915.718260869562,0.5791290539328088,0.7483033662975861
1,75,8,9183.654057674328,3679.9952173913034,3210.639565217391,2.4955614111326185,2.8603815131308603
1,75,9,10390.07577561906,2650.1786956521737,3945.4373913043482,3.9205189418603337,2.633440793793495
1,75,10,15639.372224834178,8418.079565217391,11515.993043478262,1.8578313620905176,1.358056762086277
1,75,12,28876.76199942553,16058.192608695654,16716.246521739125,1.798257294771051,1.7274668665523634
1,75,13,22229.097664609944,1446.4760869565216,5579.763478260869,15.36776021744085,3.9838781251599626
1,75,14,17469.568490472866,8727.025652173912,4525.190869565217,2.001778061248299,3.8605152785856633
1,75,15,14751.358769244185,8368.296086956521,3225.1243478260867,1.7627673084173974,4.573888377106273
1,75,16,11331.95859931104,8449.416086956522,3024.3639130434785,1.3411528657943994,3.746889899869047
1,75,17,8289.876416204677,7686.43652173913,2400.386521739131,1.0785071070006071,3.453558975243073
1,75,18,5952.186226263385,6043.119565217391,1643.3873913043476,0.984952583186109,3.6219008724042645
1,75,19,4213.987475355891,5320.525652173913,1685.7404347826086,0.79202465148046,2.499784301548964
1,75,20,2874.4727425081724,4013.9073913043467,1130.2243478260868,0.7161283164468059,2.5432762513363247
1,75,21,2019.9009338685453,3143.623043478261,820.8743478260869,0.6425391676839302,2.460670063838428
1,75,22,1635.4808289339153,2026.2313043478257,633.901304347826,0.8071540625320269,2.580024394517598
1,75,23,1498.223027715449,1344.3913043478258,599.3065217391304,1.114424812828024,2.499927788817897
1,75,24,1134.045347803952,1296.6473913043478,509.02565217391293,0.874598102313052,2.227874652212018
1,75,25,1005.4216179267514,1120.725652173913,412.40173913043475,0.8971166279423496,2.4379664839598454
2,5,4,2534.075847826087,9200.22652173913,6382.499130434783,0.27543624516617526,0.3970350478768436
2,5,5,7728.013304347825,19672.90260869565,16141.202173913043,0.3928252712912813,0.4787755720473921
2,5,6,14199.291782608696,27844.322173913046,22419.511304347827,0.5099528619846172,0.6333452852674367
2,5,7,5586.390021739129,16144.59391304348,9872.213913043479,0.34602233117959036,0.5658700339098421
2,5,8,4210.127543478262,5282.515217391304,5634.332608695652,0.7969929797111639,0.7472273711673735
2,5,9,9834.156413043476,2980.934347826087,5521.322608695652,3.2990181149797055,1.7811233122939507
2,5,10,22864.714478260867,18449.836086956522,24453.896956521738,1.2392909275993802,0.9350131195413808
2,5,12,18422.607217391305,7678.142173913043,11716.178260869563,2.3993573966347275,1.57240755536473
2,5,13,14287.73867391304,7194.785217391304,5367.025652173912,1.985846448810811,2.6621334794861276
2,5,14,11821.929543478262,15106.326086956522,5151.371739130435,0.7825813818282292,2.294909034360202
2,5,15,9598.127934782608,14564.048695652176,4247.735217391304,0.6590288274474081,2.259587154935044
2,5,16,6728.392491440121,13438.056956521736,3420.3865217391303,0.5006968279126626,1.9671439027946473
2,5,17,3512.0266170173077,11704.576521739127,2607.637391304348,0.30005584657371887,1.3468232311474033
2,5,18,1554.0911971956216,9101.738695652173,2029.1856521739128,0.17074662865656628,0.7658693996434917
2,5,19,808.180695652174,7393.416956521736,2169.2856521739122,0.1093108505045529,0.37255614300600276
2,5,20,648.3503260869567,5171.404347826087,1157.6521739130435,0.1253721972754857,0.5600562420190792
2,5,21,504.9114347826087,3787.555652173912,896.4869565217393,0.13330799099752075,0.5632111333126405
2,5,22,627.5892391304347,2479.9343478260867,693.0504347826087,0.253066876419765,0.9055462743159416
2,5,23,588.3471956521737,1867.193043478261,540.9982608695652,0.31509714419039586,1.0875214177334007
2,5,24,516.166195652174,1666.2821739130434,561.7721739130435,0.3097711802557582,0.918817662428526
2,5,25,468.51473913043475,1480.4273913043478,440.86086956521734,0.3164726226239602,1.062726976863449
2,15,4,2765.023002793877,9200.22652173913,6382.499130434783,0.30053857872525525,0.43321948758424983
2,15,5,7440.954356521737,19672.90260869565,16141.202173913043,0.378233680333107,0.4609913361067739
2,15,6,14257.760660815315,27844.322173913046,22419.511304347827,0.5120527112049152,0.6359532314181309
2,15,7,6847.112156521737,16144.59391304348,9872.213913043479,0.42411176108863563,0.693574128035771
2,15,8,5846.837669565218,5282.515217391304,5634.332608695652,1.1068283628064202,1.03771610155595
2,15,9,11129.679739130432,2980.934347826087,5521.322608695652,3.7336212208923687,2.0157633465579523
2,15,10,23059.88533891612,18449.836086956522,24453.896956521738,1.249869388011461,0.942994295752365
2,15,12,19708.16970434782,7678.142173913043,11716.178260869563,2.5667888478683722,1.682132967383265
2,15,13,15774.456040912757,7194.785217391304,5367.025652173912,2.192484634952353,2.939143030651124
2,15,14,14067.256779347856,15106.326086956522,5151.371739130435,0.9312162797474731,2.7307788083883158
2,15,15,11341.827221071306,14564.048695652176,4247.735217391304,0.7787551015575219,2.6700880917988936
2,15,16,7503.6687618904525,13438.056956521736,3420.3865217391303,0.5583894149405867,2.1938072537121145
2,15,17,4291.077681213774,11704.576521739127,2607.637391304348,0.3666153724779257,1.6455806683564098
2,15,18,2211.7163308354975,9101.738695652173,2029.1856521739128,0.24299932186495493,1.089952675579997
2,15,19,1210.7997695652175,7393.416956521736,2169.2856521739122,0.16376727792920842,0.558155984829308
2,15,20,841.1039304347826,5171.404347826087,1157.6521739130435,0.16264516828748055,0.7265601442199353
2,15,21,709.8325826086956,3787.555652173912,896.4869565217393,0.18741178950104107,0.7917935419414912
2,15,22,783.0544913043478,2479.9343478260867,693.0504347826087,0.31575613765371424,1.1298665320799792
2,15,23,647.3370434782607,1867.193043478261,540.9982608695652,0.3466899396070921,1.1965603039791173
2,15,24,606.3801565217391,1666.2821739130434,561.7721739130435,0.36391204684002315,1.0794058244251885
2,15,25,566.8305347826084,1480.4273913043478,440.86086956521734,0.38288303642044597,1.2857356456734843
2,25,4,2998.2798130434794,9200.22652173913,6382.499130434783,0.3258919555903185,0.46976580047559413
2,25,5,7903.827512708106,19672.90260869565,16141.202173913043,0.40176214308174957,0.489667834374942
2,25,6,14341.93647391304,27844.322173913046,22419.511304347827,0.5150757983740685,0.6397078098277593
2,25,7,7111.200813043478,16144.59391304348,9872.213913043479,0.4404694755002926,0.7203248304463841
2,25,8,6839.297255748163,5282.515217391304,5634.332608695652,1.2947046954510533,1.2138611137711055
2,25,9,12880.683710148916,2980.934347826087,5521.322608695652,4.321022272611419,2.332898224396967
2,25,10,24225.450038227977,18449.836086956522,24453.896956521738,1.313044187712575,0.990658056722005
2,25,12,20699.000951619888,7678.142173913043,11716.178260869563,2.6958345499183394,1.7667024596878769
2,25,13,16423.949586396197,7194.785217391304,5367.025652173912,2.2827574542039235,3.0601585777298608
2,25,14,14289.404146075974,15106.326086956522,5151.371739130435,0.9459218650399772,2.7739027330394257
2,25,15,11203.221677502652,14564.048695652176,4247.735217391304,0.7692381364288602,2.6374576342785736
2,25,16,7538.88085271531,13438.056956521736,3420.3865217391303,0.5610097409995388,2.2041020232070405
2,25,17,4751.722697350755,11704.576521739127,2607.637391304348,0.4059713470645685,1.8222329198055904
2,25,18,2685.748453464346,9101.738695652173,2029.1856521739128,0.2950808129382253,1.3235597494921385
2,25,19,1609.2721048739647,7393.416956521736,2169.2856521739122,0.2176628363228487,0.7418442579294526
2,25,20,1134.5100434782607,5171.404347826087,1157.6521739130435,0.2193814227570847,0.9800094268759858
2,25,21,978.3211347826085,3787.555652173912,896.4869565217393,0.25829881449295394,1.0912831778148517
2,25,22,1015.1821347826084,2479.9343478260867,693.0504347826087,0.4093584717968515,1.464802680776102
2,25,23,804.2830782608695,1867.193043478261,540.9982608695652,0.43074447019287726,1.486664812874107
2,25,24,751.1972391304346,1666.2821739130434,561.7721739130435,0.4508223462334397,1.3371919685838909
2,25,25,680.9476913043478,1480.4273913043478,440.86086956521734,0.45996696312433866,1.5445863725122786
2,50,4,3875.8046487403885,9200.22652173913,6382.499130434783,0.42127274144634214,0.6072550218234599
2,50,5,8795.6291,19672.90260869565,16141.202173913043,0.44709361271946874,0.5449178447324852
2,50,6,15338.503547826085,27844.322173913046,22419.511304347827,0.5508664729571515,0.6841586928280404
2,50,7,8956.452629955924,16144.59391304348,9872.213913043479,0.5547648134227681,0.9072385088943806
2,50,8,9727.641734782603,5282.515217391304,5634.332608695652,1.8414791693844779,1.7264940518012037
2,50,9,15944.383635368496,2980.934347826087,5521.322608695652,5.348787250882024,2.887783374631531
2,50,10,26737.26410530422,18449.836086956522,24453.896956521738,1.4491870810823442,1.0933743669911686
2,50,12,22322.72064181065,7678.142173913043,11716.178260869563,2.9073075408337004,1.9052902870525188
2,50,13,16976.75815101967,7194.785217391304,5367.025652173912,2.359592070932609,3.163159494895136
2,50,14,14145.657980592077,15106.326086956522,5151.371739130435,0.9364062379671568,2.745998288793637
2,50,15,10590.638784945586,14564.048695652176,4247.735217391304,0.7271768315432249,2.493243632885785
2,50,16,7508.55032800927,13438.056956521736,3420.3865217391303,0.5587526792231099,2.1952344509273387
2,50,17,5194.073755069037,11704.576521739127,2607.637391304348,0.4437643468280965,1.9918696412275887
2,50,18,3643.2608831654074,9101.738695652173,2029.1856521739128,0.40028185877339717,1.7954300432108314
2,50,19,2480.852517477417,7393.416956521736,2169.2856521739122,0.33554884460953555,1.143626481367852
2,50,20,1793.0822195770593,5171.404347826087,1157.6521739130435,0.3467302301222724,1.5488954799922017
2,50,21,1502.4424810888104,3787.555652173912,896.4869565217393,0.3966786548011422,1.6759222988788427
2,50,22,1414.8294007622494,2479.9343478260867,693.0504347826087,0.570510829047749,2.0414522951797056
2,50,23,1067.1251086956513,1867.193043478261,540.9982608695652,0.5715130058045739,1.9725111629387204
2,50,24,941.0624695652172,1666.2821739130434,561.7721739130435,0.564767771208436,1.6751674669291894
2,50,25,813.3561913043476,1480.4273913043478,440.86086956521734,0.5494063377115244,1.8449271583265938
2,75,4,4801.616760869565,9200.22652173913,6382.499130434783,0.5219020150779842,0.7523098182611854
2,75,5,8538.145169684962,19672.90260869565,16141.202173913043,0.434005359529966,0.5289658773671809
2,75,6,14194.8483815206,27844.322173913046,22419.511304347827,0.5097932818353738,0.6331470917819598
2,75,7,9220.261928078111,16144.59391304348,9872.213913043479,0.5711052243084858,0.9339609138631013
2,75,8,10422.473017202816,5282.515217391304,5634.332608695652,1.9730133446449034,1.8498150075693913
2,75,9,15633.373655141073,2980.934347826087,5521.322608695652,5.244454198242259,2.8314544834818616
2,75,10,24528.228694727102,18449.836086956522,24453.896956521738,1.3294551007999371,1.003039668415121
2,75,12,22526.801115382208,7678.142173913043,11716.178260869563,2.9338869488400974,1.922708976750435
2,75,13,17587.991671970274,7194.785217391304,5367.025652173912,2.4445471463771304,3.2770463217082377
2,75,14,14774.731596625003,15106.326086956522,5151.371739130435,0.9780492961410496,2.8681159785837966
2,75,15,11334.505807472993,14564.048695652176,4247.735217391304,0.7782523970039112,2.6683644877549466
2,75,16,8297.8601041907,13438.056956521736,3420.3865217391303,0.6174895768813955,2.4260007023918364
2,75,17,5962.704730434204,11704.576521739127,2607.637391304348,0.5094336150786457,2.2866310900119595
2,75,18,4227.7034735831785,9101.738695652173,2029.1856521739128,0.4644940505271502,2.0834483375406996
2,75,19,2891.8753560038635,7393.416956521736,2169.2856521739122,0.391141927069721,1.3331003010626197
2,75,20,2032.106064893367,5171.404347826087,1157.6521739130435,0.39295052720981044,1.7553684178076856
2,75,21,1644.5342884473964,3787.555652173912,896.4869565217393,0.434194092304227,1.8344207648352073
2,75,22,1498.250222337201,2479.9343478260867,693.0504347826087,0.6041491475976245,2.1618199010396144
2,75,23,1133.0820960345607,1867.193043478261,540.9982608695652,0.6068371451962046,2.0944283521601688
2,75,24,1005.7435970703376,1666.2821739130434,561.7721739130435,0.6035854027703373,1.790305116155533
2,75,25,862.5670122904057,1480.4273913043478,440.86086956521734,0.5826472931782429,1.95655153776991
3,5,4,6765.429173913042,21110.22304347826,17379.84956521739,0.32048117918882607,0.3892685692431319
3,5,5,13075.15710869565,30384.325652173913,25955.36565217391,0.43032572973230226,0.5037554578854693
3,5,6,5076.987499999999,19576.341304347825,14364.751739130434,0.25934302130666376,0.3534337099728626
3,5,7,6393.694478260868,18111.241304347826,12659.50565217391,0.35302353774757467,0.5050508806529055
3,5,8,11852.756130434782,12187.540869565217,11914.109130434783,0.9725305750591196,0.9948503913025881
3,5,9,22224.903782608693,11629.848695652174,16862.91608695652,1.911022607793469,1.3179751158104662
3,5,10,27054.363021739126,21016.295217391304,29127.37565217391,1.2873041010268655,0.9288294058761155
3,5,12,14980.179369565216,1957.8578260869563,7800.512608695651,7.6513111268682525,1.920409609089793
3,5,13,13459.981108695652,13318.522173913043,5091.782608695653,1.0106212185507852,2.643471283653969
3,5,14,10544.762760869564,21456.83956521739,6590.071739130434,0.4914406303323045,1.6000983264350555
3,5,15,7341.344239130435,19664.792173913047,4590.585217391304,0.3733242728529482,1.59921750527971
3,5,16,4305.104304553499,17677.245652173915,4095.478695652173,0.24353931541501575,1.0511846415228256
3,5,17,2107.3715790166443,15132.73652173913,2941.4030434782608,0.13925912051592731,0.7164511452074382
3,5,18,899.6657084087498,11425.192608695652,2583.728260869565,0.07874402990143195,0.3482044617594434
3,5,19,643.2088695652175,8737.300869565217,2223.310869565217,0.07361642676237892,0.28930226464057235
3,5,20,625.281304347826,5841.730434782608,1178.5091304347825,0.10703700065049218,0.530569758180103
3,5,21,651.0171304347824,4151.291304347826,920.0560869565218,0.15682280107708757,0.7075841784692708
3,5,22,549.0450434782608,2964.9321739130437,730.5886956521739,0.18517963018143677,0.7515104555349646
3,5,23,593.4105869565216,2175.9434782608696,587.0978260869565,0.2727141549792493,1.0107524855127468
3,5,24,529.9481304347826,1951.0782608695654,586.2295652173913,0.27161807963489526,0.9039942061575521
3,5,25,639.5424782608693,1733.6869565217391,460.9252173913043,0.3688915555689306,1.3875189599746443
3,15,4,7303.239747826087,21110.22304347826,17379.84956521739,0.3459574885961393,0.4202130588311992
3,15,5,12964.93082173913,30384.325652173913,25955.36565217391,0.42669799455666135,0.4995086948680009
3,15,6,7050.559421739128,19576.341304347825,14364.751739130434,0.36015715664771475,0.4908236181021484
3,15,7,8176.771117391304,18111.241304347826,12659.50565217391,0.4514749143907861,0.6458997169440954
3,15,8,13205.456495652172,12187.540869565217,11914.109130434783,1.0835210020611212,1.1083880759425495
3,15,9,23247.711821739133,11629.848695652174,16862.91608695652,1.9989694131128555,1.3786293961173925
3,15,10,26379.83992862426,21016.295217391304,29127.37565217391,1.2552088584478267,0.9056717036110808
3,15,12,15776.788239449885,1957.8578260869563,7800.512608695651,8.058188919152485,2.0225322399790304
3,15,13,14510.221799913283,13318.522173913043,5091.782608695653,1.0894768661597019,2.849733171077059
3,15,14,12071.36200906925,21456.83956521739,6590.071739130434,0.5625880723197246,1.8317497118266692
3,15,15,8839.94611244046,19664.792173913047,4590.585217391304,0.4495316316725366,1.9256686661540607
3,15,16,5230.305286973919,17677.245652173915,4095.478695652173,0.29587784148548646,1.2770925392742236
3,15,17,2850.9644872008407,15132.73652173913,2941.4030434782608,0.18839715362157072,0.9692532594341526
3,15,18,1417.8221943499755,11425.192608695652,2583.728260869565,0.12409613062197995,0.5487505074828578
3,15,19,913.7985478260869,8737.300869565217,2223.310869565217,0.10458590833344612,0.4110079972778553
3,15,20,775.5867999999999,5841.730434782608,1178.5091304347825,0.13276661918222563,0.6581084354551126
3,15,21,796.5059173913044,4151.291304347826,920.0560869565218,0.19186943507363347,0.8657145240200385
3,15,22,636.0192739130435,2964.9321739130437,730.5886956521739,0.21451393711770517,0.8705572337733598
3,15,23,645.5221869565215,2175.9434782608696,587.0978260869565,0.2966631226434509,1.0995138429637306
3,15,24,593.3534260869565,1951.0782608695654,586.2295652173913,0.304115646197866,1.0121519986234804
3,15,25,733.3476217391303,1733.6869565217391,460.9252173913043,0.42299886895984423,1.5910338468562286
3,25,4,8054.18474347826,21110.22304347826,17379.84956521739,0.3815300637463658,0.46342085489607726
3,25,5,14005.821130434782,30384.325652173913,25955.36565217391,0.46095547061886843,0.539611782709049
3,25,6,7706.587726086957,19576.341304347825,14364.751739130434,0.3936684391774144,0.5364929283876001
3,25,7,8544.27553478261,18111.241304347826,12659.50565217391,0.47176642347156245,0.6749296354487091
3,25,8,14035.5330031821,12187.540869565217,11914.109130434783,1.1516296153091636,1.1780597986405972
3,25,9,24582.32437391304,11629.848695652174,16862.91608695652,2.1137269294916243,1.4577742216796945
3,25,10,27614.668626086957,21016.295217391304,29127.37565217391,1.313964632702504,0.9480657974768815
3,25,12,16415.05620827923,1957.8578260869563,7800.512608695651,8.384192145906193,2.1043560893652664
3,25,13,14879.193736625886,13318.522173913043,5091.782608695653,1.117180535673074,2.9221973678168176
3,25,14,12018.731572559323,21456.83956521739,6590.071739130434,0.5601352210342425,1.8237633895841634
3,25,15,8568.332337650954,19664.792173913047,4590.585217391304,0.435719445284428,1.866501095588002
3,25,16,5329.397040331946,17677.245652173915,4095.478695652173,0.30148345195828324,1.3012879412581786
3,25,17,3262.636409184445,15132.73652173913,2941.4030434782608,0.21560121690465314,1.1092109312997513
3,25,18,1776.0836605213537,11425.192608695652,2583.728260869565,0.1554532795508048,0.6874111675829273
3,25,19,1180.898703016816,8737.300869565217,2223.310869565217,0.1351560076327759,0.5311442134260551
3,25,20,1020.3080173913044,5841.730434782608,1178.5091304347825,0.1746585243502893,0.8657616568612297
3,25,21,1016.4214173913041,4151.291304347826,920.0560869565218,0.24484463817963395,1.1047385390966238
3,25,22,798.0300478260867,2964.9321739130437,730.5886956521739,0.269156257552046,1.0923109713786496
3,25,23,763.0181956521735,2175.9434782608696,587.0978260869565,0.35066085276351866,1.2996440486549528
3,25,24,693.8919652173913,1951.0782608695654,586.2295652173913,0.35564537780669775,1.1836522863872887
3,25,25,816.5395086956519,1733.6869565217391,460.9252173913043,0.47098439866783015,1.7715227500830084
3,50,4,8809.317569565217,21110.22304347826,17379.84956521739,0.41730101815701776,0.5068696099185729
3,50,5,15151.972182608693,30384.325652173913,25955.36565217391,0.49867725734846485,0.5837703227016425
3,50,6,9089.074130434781,19576.341304347825,14364.751739130434,0.46428870385581883,0.6327345084339749
3,50,7,10519.478613043475,18111.241304347826,12659.50565217391,0.5808259321528748,0.8309549284206886
3,50,8,16737.907847073475,12187.540869565217,11914.109130434783,1.373362192275511,1.4048811928636964
3,50,9,27082.494204388116,11629.848695652174,16862.91608695652,2.3287056360856115,1.6060386035684806
3,50,10,29839.268892552158,21016.295217391304,29127.37565217391,1.4198158421309057,1.024440692799769
3,50,12,17258.51150085758,1957.8578260869563,7800.512608695651,8.814997325597973,2.21248427720232
3,50,13,14359.766263770523,13318.522173913043,5091.782608695653,1.0781801521415764,2.820184475128058
3,50,14,10914.171418637114,21456.83956521739,6590.071739130434,0.5086569895563525,1.6561536582115035
3,50,15,7717.614021777121,19664.792173913047,4590.585217391304,0.3924584584227219,1.6811830423143341
3,50,16,5351.257385566635,17677.245652173915,4095.478695652173,0.30272008947890294,1.3066256189411063
3,50,17,3734.237182508888,15132.73652173913,2941.4030434782608,0.2467654926221983,1.2695428430960916
3,50,18,2511.104803655856,11425.192608695652,2583.728260869565,0.2197866495261242,0.9718919909985939
3,50,19,1815.328965786105,8737.300869565217,2223.310869565217,0.20776770685664153,0.8164980393142702
3,50,20,1512.9415820308361,5841.730434782608,1178.5091304347825,0.258988599169612,1.2837758681366116
3,50,21,1422.4108981169813,4151.291304347826,920.0560869565218,0.3426429980057601,1.5460045515509957
3,50,22,1069.4159922033605,2964.9321739130437,730.5886956521739,0.36068818086721083,1.4637729800195252
3,50,23,947.5923043478259,2175.9434782608696,587.0978260869565,0.43548571634093747,1.6140279562327586
3,50,24,816.5417476464552,1951.0782608695654,586.2295652173913,0.4185079420046099,1.3928702953486445
3,50,25,870.5083956521737,1733.6869565217391,460.9252173913043,0.5021139441451743,1.8886109130218236
3,75,4,8526.68816293652,21110.22304347826,17379.84956521739,0.4039127462260866,0.49060770813581356
3,75,5,14203.43168353481,30384.325652173913,25955.36565217391,0.4674591710913484,0.5472252586950241
3,75,6,9336.588449740859,19576.341304347825,14364.751739130434,0.4769322471746669,0.6499651799973292
3,75,7,10450.249570876045,18111.241304347826,12659.50565217391,0.5770034971798059,0.825486386119786
3,75,8,15715.016176168641,12187.540869565217,11914.109130434783,1.2894329007266965,1.3190257034010524
3,75,9,24306.318612424966,11629.848695652174,16862.91608695652,2.08999439704765,1.441406604117892
3,75,10,29087.795909186603,21016.295217391304,29127.37565217391,1.3840591602042214,0.9986411497053511
3,75,12,17795.118047377437,1957.8578260869563,7800.512608695651,9.089075728723055,2.281275467402009
3,75,13,14832.47655671822,13318.522173913043,5091.782608695653,1.1136728507139144,2.9130223531907253
3,75,14,11345.775925054984,21456.83956521739,6590.071739130434,0.5287719978783387,1.7216468005478904
3,75,15,8299.751735577527,19664.792173913047,4590.585217391304,0.4220615027189469,1.8079942627214827
3,75,16,5972.397698045006,17677.245652173915,4095.478695652173,0.33785793418051707,1.4582905056704119
3,75,17,4237.002409042624,15132.73652173913,2941.4030434782608,0.27998917465825846,1.440469852792528
3,75,18,2906.638568407774,11425.192608695652,2583.728260869565,0.2544060890663276,1.1249784323021386
3,75,19,2050.864781837902,8737.300869565217,2223.310869565217,0.23472521004532562,0.9224372578356358
3,75,20,1656.8207175236805,5841.730434782608,1178.5091304347825,0.2836181395256963,1.4058615879475083
3,75,21,1508.5049810912008,4151.291304347826,920.0560869565218,0.36338210703529256,1.6395793718198473
3,75,22,1132.571289586158,2964.9321739130437,730.5886956521739,0.3819889370661112,1.5502173744628591
3,75,23,1005.178775694934,2175.9434782608696,587.0978260869565,0.46195077479601016,1.712114627292206
3,75,24,862.847686124224,1951.0782608695654,586.2295652173913,0.44224145357432565,1.4718597241069793
3,75,25,856.8457771731559,1733.6869565217391,460.9252173913043,0.4942332720159746,1.8589691881529955
