horizon,k_perc,round,wis_adaptive,wis_baseline,wis_flusight,wis_adaptive_baseline,wis_adaptive_flusight
0,5,6,102.20275883428288,322.9998384749066,162.26473709035287,0.31641736824652583,0.629851936205794
0,5,7,96.96809140995852,401.42773288124147,197.62161419803783,0.24155802767778775,0.4906755356870337
0,5,8,109.25336090233284,422.4832205056832,162.14617510424785,0.25859810662199584,0.6737954862770652
0,5,9,169.35204515910846,350.56639130434775,221.68506396998887,0.4830812347099291,0.7639307859822025
0,5,10,372.0511927704954,600.1368260869563,370.4199153614316,0.6199439471101335,1.0044038598936347
0,5,11,451.1467157712257,586.394652173913,299.84234524175196,0.7693568044979792,1.5046130839441056
0,5,12,437.02521507329226,649.8439565217388,285.2654661311482,0.6725079316155381,1.5319948152166933
0,5,13,628.1111688981094,1163.8673894804163,646.890047959443,0.5396758896892164,0.9709705240935923
0,5,14,605.4890291092136,1085.6129999999998,477.5339201667119,0.5577392948584935,1.2679497801911774
0,5,15,923.4127069444453,2106.162695652174,1261.8196230087588,0.4384337016559446,0.7318103872426744
0,5,16,1881.2172585278017,4396.740869565217,2633.953744048019,0.42786630241273027,0.7142180316487386
0,5,17,2901.5044714137084,4968.583043478266,2244.572284450723,0.5839702076072185,1.2926758881920994
0,5,18,3661.930588861871,1640.1384473931694,3342.5761795710728,2.2326960231205675,1.0955414004451436
0,5,19,4361.186749479339,3349.9286956521746,2910.183803363181,1.3018745011318187,1.498594949377181
0,5,20,3133.955581483268,2217.00347826087,1163.6140415431237,1.41359975850904,2.69329474344189
0,5,21,1476.9063338793003,399.87295652173884,1123.7951187984381,3.6934389030107098,1.3142131596535218
0,5,22,1975.2844309259578,833.5344347826087,,2.3697694402284952,
0,5,23,1946.6260743066623,398.08175410449724,956.6009717096115,4.8900158176947475,2.034940515299399
0,5,24,1045.8544808628274,427.801130434782,848.5044947431538,2.444721171727402,1.2325856696603739
0,5,25,881.5515873587436,371.66895652173883,747.2539042610791,2.3718730657753544,1.17972162116766
0,5,26,1068.1552306806748,622.8434782608689,1174.681714732883,1.714965746551967,0.9093145975491482
0,5,27,734.4921265341914,1053.14852173913,694.8328779448387,0.6974250178135165,1.0570773920581533
0,5,28,691.1190420670617,1464.75472278201,741.5419898048693,0.47183260877590394,0.9320025724354787
0,5,29,516.5935425274413,1107.7787826086956,560.2569866437112,0.4663327648422017,0.922065328666687
0,5,30,844.8980987751517,519.6662608695648,499.00110421743375,1.62584751482879,1.6931788159069834
0,5,31,796.6780410885166,498.40052173912994,420.75207547931296,1.5984695166621623,1.893461939982009
0,15,6,167.32565090722693,322.9998384749066,162.26473709035287,0.5180363299786177,1.0311892399274405
0,15,7,158.28182151390098,401.42773288124147,197.62161419803783,0.3942971761762338,0.8009337549246298
0,15,8,172.91927926433254,422.4832205056832,162.14617510424785,0.40929265559318573,1.066440692499582
0,15,9,253.50202398106651,350.56639130434775,221.68506396998887,0.7231212981879549,1.1435232461821827
0,15,10,466.41039768343063,600.1368260869563,370.4199153614316,0.777173433472737,1.2591396367777303
0,15,11,609.3422706417718,586.394652173913,299.84234524175196,1.0391334033876098,2.0322088601277493
0,15,12,645.8173237605168,649.8439565217388,285.2654661311482,0.9938036928391635,2.2639169490765076
0,15,13,830.1317982342603,1163.8673894804163,646.890047959443,0.71325290641991,1.283265681475294
0,15,14,806.5981193891433,1085.6129999999998,477.5339201667119,0.7429886335085739,1.6890907332981746
0,15,15,1069.3364849628804,2106.162695652174,1261.8196230087588,0.5077178924355413,0.8474559005613576
0,15,16,2205.2818573679824,4396.740869565217,2633.953744048019,0.5015719422159299,0.837251550962612
0,15,17,3338.6161285163234,4968.583043478266,2244.572284450723,0.6719453210908032,1.4874175145280863
0,15,18,3090.083904229217,1640.1384473931694,3342.5761795710728,1.8840384536687047,0.9244617738602277
0,15,19,3948.1237375192923,3349.9286956521746,2910.183803363181,1.178569484969488,1.356657862282309
0,15,20,3302.8911335795756,2217.00347826087,1163.6140415431237,1.4897997075631704,2.8384765185537426
0,15,21,2194.0710316391346,399.87295652173884,1123.7951187984381,5.4869202726887965,1.95237636730887
0,15,22,2418.8594513958606,833.5344347826087,,2.9019310426289886,
0,15,23,2126.5054049809974,398.08175410449724,956.6009717096115,5.3418811162663475,2.222980603062282
0,15,24,1677.9011269246275,427.801130434782,848.5044947431538,3.9221521579883305,1.9774805405509794
0,15,25,1465.0087040766355,371.66895652173883,747.2539042610791,3.941703169903961,1.9605233184098343
0,15,26,1491.984605694694,622.8434782608689,1174.681714732883,2.395440680956762,1.2701181834893585
0,15,27,1224.9433247201998,1053.14852173913,694.8328779448387,1.1631249528768974,1.762932301567695
0,15,28,1031.3774873817956,1464.75472278201,741.5419898048693,0.7041298255197972,1.3908551391043873
0,15,29,769.8794031470153,1107.7787826086956,560.2569866437112,0.6949757616173466,1.3741540426993568
0,15,30,974.8285611166664,519.6662608695648,499.00110421743375,1.875874257230924,1.9535599277790305
0,15,31,1098.396867030043,498.40052173912994,420.75207547931296,2.2038437343469712,2.6105560282234372
0,25,6,222.70407818090564,322.9998384749066,162.26473709035287,0.6894866549544953,1.3724736635594381
0,25,7,203.73922581351846,401.42773288124147,197.62161419803783,0.5075364981666395,1.030956186853884
0,25,8,238.1450000491726,422.4832205056832,162.14617510424785,0.5636791912448724,1.46870562870856
0,25,9,320.2168791575095,350.56639130434775,221.68506396998887,0.9134272055175705,1.4444675406768026
0,25,10,522.7651947471988,600.1368260869563,370.4199153614316,0.8710766812224472,1.4112772371785645
0,25,11,690.8514364035657,586.394652173913,299.84234524175196,1.1781339305234197,2.3040489356050005
0,25,12,744.8008608257832,649.8439565217388,285.2654661311482,1.1461226242870626,2.610904400476459
0,25,13,923.1047085830509,1163.8673894804163,646.890047959443,0.7931356415056454,1.426988576335194
0,25,14,980.5388473901845,1085.6129999999998,477.5339201667119,0.9032121459398373,2.0533386341390547
0,25,15,1311.5026784549655,2106.162695652174,1261.8196230087588,0.6226977057196705,1.0393741344168823
0,25,16,2685.505993006139,4396.740869565217,2633.953744048019,0.6107946937686374,1.0195721922127954
0,25,17,4111.977949477998,4968.583043478266,2244.572284450723,0.8275956975048162,1.8319650375992473
0,25,18,3129.2514045041257,1640.1384473931694,3342.5761795710728,1.9079190598072666,0.9361795323108174
0,25,19,3453.017080371351,3349.9286956521746,2910.183803363181,1.0307733071611265,1.1865288633593656
0,25,20,3270.178003850019,2217.00347826087,1163.6140415431237,1.4750441467125315,2.8103631333919634
0,25,21,2539.9874113207916,399.87295652173884,1123.7951187984381,6.351985974282076,2.260187260856362
0,25,22,2569.9250078939963,833.5344347826087,,3.0831659744978017,
0,25,23,2385.733041267621,398.08175410449724,956.6009717096115,5.99307307272707,2.493968866667471
0,25,24,2068.4082309062806,427.801130434782,848.5044947431538,4.8349760759260265,2.437710399557043
0,25,25,1904.536657025997,371.66895652173883,747.2539042610791,5.124282304472209,2.5487142270729186
0,25,26,1935.8410513116455,622.8434782608689,1174.681714732883,3.1080698745003907,1.6479707030698496
0,25,27,1656.1645188045493,1053.14852173913,694.8328779448387,1.5725840036974283,2.383543685645843
0,25,28,1310.1480456146426,1464.75472278201,741.5419898048693,0.8944487600806482,1.7667887505054127
0,25,29,964.4870036894653,1107.7787826086956,560.2569866437112,0.8706494643435992,1.7215082126281798
0,25,30,1026.3489581637896,519.6662608695648,499.00110421743375,1.975015573353532,2.05680698797927
0,25,31,1118.584306917946,498.40052173912994,420.75207547931296,2.244348186102881,2.6585354466610185
0,50,6,293.5235187540895,322.9998384749066,162.26473709035287,0.9087419985719061,1.8089174765719345
0,50,7,343.83715281905495,401.42773288124147,197.62161419803783,0.8565356218693935,1.7398762489334472
0,50,8,411.4386394167097,422.4832205056832,162.14617510424785,0.9738579414449787,2.5374551027934236
0,50,9,463.9250981431053,350.56639130434775,221.68506396998887,1.3233587407423322,2.0927214934331806
0,50,10,636.7514445877133,600.1368260869563,370.4199153614316,1.0610104511324419,1.7189989473606266
0,50,11,845.7242712403331,586.394652173913,299.84234524175196,1.4422441748147257,2.8205631548087595
0,50,12,1012.4400950137133,649.8439565217388,285.2654661311482,1.5579741641866678,3.5491155264768475
0,50,13,1366.477311494968,1163.8673894804163,646.890047959443,1.1740833396019479,2.1123795547719415
0,50,14,1630.7327541351344,1085.6129999999998,477.5339201667119,1.5021308275924612,3.4149045445103234
0,50,15,2330.5926012800924,2106.162695652174,1261.8196230087588,1.10655867473639,1.8470093179585263
0,50,16,4280.998261401165,4396.740869565217,2633.953744048019,0.9736753628203936,1.6253126202671535
0,50,17,6169.986405202087,4968.583043478266,2244.572284450723,1.2417999963391528,2.748847273908118
0,50,18,4165.3549764156505,1640.1384473931694,3342.5761795710728,2.5396362014658287,1.2461510980282755
0,50,19,3342.3489079160063,3349.9286956521746,2910.183803363181,0.9977373286344853,1.1485009654900111
0,50,20,3305.6118858860004,2217.00347826087,1163.6140415431237,1.4910269281485702,2.8408147099207155
0,50,21,2946.2704097431388,399.87295652173884,1123.7951187984381,7.368016170363266,2.6217149019950288
0,50,22,3084.9137855455747,833.5344347826087,,3.7010034100752423,
0,50,23,3091.406155490849,398.08175410449724,956.6009717096115,7.765756967297096,3.231656925840219
0,50,24,2821.8637002690866,427.801130434782,848.5044947431538,6.596204403202899,3.325690927687163
0,50,25,2663.0923022939774,371.66895652173883,747.2539042610791,7.165226623220048,3.5638385923555287
0,50,26,2581.390057796386,622.8434782608689,1174.681714732883,4.144524503980129,2.197522976156466
0,50,27,2197.5328376781754,1053.14852173913,694.8328779448387,2.0866314601564953,3.162678260386856
0,50,28,1745.9450811154554,1464.75472278201,741.5419898048693,1.1919709518323862,2.3544790519211007
0,50,29,1393.4020297941972,1107.7787826086956,560.2569866437112,1.257834191870773,2.4870765791633307
0,50,30,1375.4413457893645,519.6662608695648,499.00110421743375,2.6467782293347644,2.7563893830383837
0,50,31,1344.8634699645027,498.40052173912994,420.75207547931296,2.6983588726426406,3.196332349477918
0,75,6,372.70520468284167,322.9998384749066,162.26473709035287,1.1538866596423905,2.2968958713149767
0,75,7,404.572739841581,401.42773288124147,197.62161419803783,1.0078345532775383,2.0472089628625145
0,75,8,451.367097421616,422.4832205056832,162.14617510424785,1.068366920895369,2.7837048708143795
0,75,9,555.0993804695655,350.56639130434775,221.68506396998887,1.5834358176898093,2.503999911084282
0,75,10,778.2728815068897,600.1368260869563,370.4199153614316,1.2968257365264944,2.1010557187442305
0,75,11,1110.268137005638,586.394652173913,299.84234524175196,1.8933803930332478,3.7028396910065164
0,75,12,1459.5933718073932,649.8439565217388,285.2654661311482,2.2460674707506745,5.116614329812914
0,75,13,1860.661962950418,1163.8673894804163,646.890047959443,1.598688974163174,2.8763187327115487
0,75,14,2182.961755838492,1085.6129999999998,477.5339201667119,2.0108102572818236,4.57132292314732
0,75,15,2733.9688598399075,2106.162695652174,1261.8196230087588,1.2980805639961888,2.166687543914452
0,75,16,4216.354720552915,4396.740869565217,2633.953744048019,0.9589727586037747,1.6007702223627385
0,75,17,6449.674303076226,4968.583043478266,2244.572284450723,1.2980912760514354,2.8734535963739516
0,75,18,5056.52386416805,1640.1384473931694,3342.5761795710728,3.0829859956059638,1.5127624899238392
0,75,19,3964.3091768060976,3349.9286956521746,2910.183803363181,1.1834010622230016,1.3622195176210887
0,75,20,3729.2975599209412,2217.00347826087,1163.6140415431237,1.682134284627461,3.204926570820118
0,75,21,3514.732746281779,399.87295652173884,1123.7951187984381,8.789623526568,3.1275565158529357
0,75,22,3527.590388617118,833.5344347826087,,4.232087171704114,
0,75,23,3627.662483002548,398.08175410449724,956.6009717096115,9.112857963468176,3.7922421054196582
0,75,24,3445.1523667382967,427.801130434782,848.5044947431538,8.053163307999972,4.0602641330511275
0,75,25,3251.7836329015913,371.66895652173883,747.2539042610791,8.749139727281461,4.351644888516324
0,75,26,3183.1702649403355,622.8434782608689,1174.681714732883,5.110706583664526,2.709815114185355
0,75,27,2750.181342342469,1053.14852173913,694.8328779448387,2.6113898330322134,3.9580472220556033
0,75,28,2237.07947862053,1464.75472278201,741.5419898048693,1.527272412115281,3.0167940715119843
0,75,29,1825.4438519256225,1107.7787826086956,560.2569866437112,1.647841501014224,3.2582259488831538
0,75,30,1792.9894630403978,519.6662608695648,499.00110421743375,3.450271064433091,3.5931573054377934
0,75,31,1765.8092557196928,498.40052173912994,420.75207547931296,3.542952261683111,4.196792740019442
1,5,6,185.21157543143758,520.5568409610178,231.8059662146802,0.3557951041225626,0.7989939968150318
1,5,7,132.4236533054418,560.9809322958447,228.14871635357642,0.23605731617916292,0.5804269049676201
1,5,8,217.32614102529323,691.9312117551608,287.45780879346677,0.3140863388342046,0.7560279608943868
1,5,9,442.00704535657394,880.2303595744651,532.6219923115964,0.502149284614832,0.8298700612009078
1,5,10,646.4563699944226,1114.2361024440675,720.3695233773649,0.5801789841277141,0.8973955019135048
1,5,11,604.1881831653056,1170.307373585475,593.4318636468392,0.5162645274243228,1.0181256184195524
1,5,12,802.4798400386735,1713.3692665996223,740.2705825329767,0.46836362463258535,1.0840358363192495
1,5,13,871.8652014381668,2186.719736457364,1162.8048699256306,0.3987091655607628,0.7497949346341563
1,5,14,1169.2748120370325,3170.312190908866,1514.1134727392955,0.36882008509762076,0.7722504509002289
1,5,15,2396.554493648531,6542.263589740685,4588.217045536985,0.36631885291303634,0.5223280568166864
1,5,16,4073.028654204336,9705.903657914407,6076.875694374864,0.419644455349925,0.670250447606586
1,5,17,3889.0093567454337,2863.1929267323144,1897.3635162876478,1.358277090040124,2.0496912285710063
1,5,18,7140.525558805927,4355.786859105548,7428.703034987059,1.639319321577691,0.9612075654627869
1,5,19,5908.342653602636,5160.994651610864,4516.386675376185,1.144806970834296,1.3082012410087784
1,5,20,4189.2567691513905,2378.5405301674746,1358.2555268821854,1.761271971622204,3.084292083660901
1,5,21,3081.5359533195633,1194.6996534013158,1483.8952157441722,2.5793394553571813,2.0766533382036516
1,5,22,3422.6707327036306,1113.9026034442954,,3.072684022930191,
1,5,23,2121.938207467876,713.3748910993457,1354.8413570203672,2.9745064396615715,1.5661894261439917
1,5,24,1187.5575135031818,772.2561432892588,1124.2523707919272,1.5377767128469009,1.0563086584079535
1,5,25,1085.1517193474301,582.3832919137885,1111.366545178697,1.863294731175199,0.9764120793945154
1,5,26,904.7288895124786,828.9084674564128,1015.2522650579159,1.091470198499393,0.891137031308044
1,5,27,782.3216253258146,2350.082109375877,1238.0002494126047,0.33289118801622625,0.6319236411277005
1,5,28,701.5200490251493,2408.823611929597,1158.1427060492747,0.2912293144051316,0.6057285042343498
1,5,29,909.4379135141241,1442.097515769506,687.8665925748102,0.630635517757512,1.3221137984182836
1,5,30,1074.880049830944,925.1141400805311,648.4386234039329,1.1618891153662139,1.6576434700765308
1,5,31,680.1142353640645,1184.0757756429734,611.6185305056476,0.5743840464895508,1.1119908921035941
1,15,6,258.6258995071545,520.5568409610178,231.8059662146802,0.49682547448554587,1.115699926668996
1,15,7,204.7236547086203,560.9809322958447,228.14871635357642,0.36493870454879407,0.8973254725279592
1,15,8,282.404175252226,691.9312117551608,287.45780879346677,0.408139090207936,0.9824195642398719
1,15,9,537.4218139058712,880.2303595744651,532.6219923115964,0.6105467825100696,1.009011684953983
1,15,10,781.6192646128792,1114.2361024440675,720.3695233773649,0.7014844186958258,1.0850254477012746
1,15,11,806.2729816481518,1170.307373585475,593.4318636468392,0.6889412130917114,1.3586614252449
1,15,12,1026.1700691103674,1713.3692665996223,740.2705825329767,0.5989193859808863,1.386209439255483
1,15,13,1102.4850149542608,2186.719736457364,1162.8048699256306,0.5041729841156335,0.9481255569773906
1,15,14,1377.5925500644303,3170.312190908866,1514.1134727392955,0.43452898866388984,0.909834417873665
1,15,15,2627.0651477083293,6542.263589740685,4588.217045536985,0.4015529352605094,0.572567758158631
1,15,16,4213.6178459917655,9705.903657914407,6076.875694374864,0.4341293705873424,0.6933855582881436
1,15,17,3441.004238252101,2863.1929267323144,1897.3635162876478,1.201806628580641,1.813571415658248
1,15,18,5296.071547341893,4355.786859105548,7428.703034987059,1.2158702247495716,0.7129200780269337
1,15,19,5699.210603363465,5160.994651610864,4516.386675376185,1.1042853147667209,1.2618960715733578
1,15,20,4186.69156633603,2378.5405301674746,1358.2555268821854,1.7601934939663366,3.0824034826100744
1,15,21,3672.1486876388217,1194.6996534013158,1483.8952157441722,3.073700303824644,2.4746684595227584
1,15,22,3471.911516546397,1113.9026034442954,,3.1168896686397067,
1,15,23,2411.2925780261726,713.3748910993457,1354.8413570203672,3.3801197772888423,1.779760091859909
1,15,24,1933.6667661837228,772.2561432892588,1124.2523707919272,2.5039189173007874,1.7199579172972002
1,15,25,1710.956962079839,582.3832919137885,1111.366545178697,2.937853791198934,1.5395073475103875
1,15,26,1505.217578452052,828.9084674564128,1015.2522650579159,1.815903248124561,1.4826045016173253
1,15,27,1265.2087195863346,2350.082109375877,1238.0002494126047,0.538367878525888,1.021977758232795
1,15,28,991.3857699514622,2408.823611929597,1158.1427060492747,0.41156428600320344,0.8560134815625065
1,15,29,1036.8603942849406,1442.097515769506,687.8665925748102,0.7189946469963024,1.507356812319934
1,15,30,1194.0441828345997,925.1141400805311,648.4386234039329,1.29069931060686,1.8414143447633469
1,15,31,927.0261233685127,1184.0757756429734,611.6185305056476,0.7829111467677156,1.515693323748883
1,25,6,318.82261286986966,520.5568409610178,231.8059662146802,0.6124645529223675,1.375385707607722
1,25,7,273.36522497346556,560.9809322958447,228.14871635357642,0.4872986036347147,1.198188748736216
1,25,8,357.17993927947947,691.9312117551608,287.45780879346677,0.5162072951926141,1.2425473525268078
1,25,9,583.0167754242984,880.2303595744651,532.6219923115964,0.6623456792675836,1.0946164143429133
1,25,10,811.7700510052448,1114.2361024440675,720.3695233773649,0.728544021527066,1.1268800589999417
1,25,11,910.6445680533824,1170.307373585475,593.4318636468392,0.7781242676985254,1.5345393866402184
1,25,12,1113.9922579616502,1713.3692665996223,740.2705825329767,0.6501763978599286,1.5048446936117785
1,25,13,1202.6711988033685,2186.719736457364,1162.8048699256306,0.5499887245503982,1.0342846249691813
1,25,14,1550.378018677026,3170.312190908866,1514.1134727392955,0.4890300782121281,1.0239510093468236
1,25,15,2890.9258291434007,6542.263589740685,4588.217045536985,0.44188464580926307,0.6300760841197431
1,25,16,4626.486121218604,9705.903657914407,6076.875694374864,0.4766672207225204,0.7613264371198458
1,25,17,3484.595675195428,2863.1929267323144,1897.3635162876478,1.2170313927019596,1.8365461574876987
1,25,18,4177.657796643125,4355.786859105548,7428.703034987059,0.9591051931087828,0.5623670480523392
1,25,19,4870.173251099033,5160.994651610864,4516.386675376185,0.9436501255778169,1.07833398713439
1,25,20,4010.7502170874477,2378.5405301674746,1358.2555268821854,1.6862231970480857,2.952868689070564
1,25,21,3738.135237278595,1194.6996534013158,1483.8952157441722,3.128933055798673,2.5191369293578614
1,25,22,3458.3285715392226,1113.9026034442954,,3.104695653682587,
1,25,23,2738.11692252351,713.3748910993457,1354.8413570203672,3.838258055738319,2.0209871128715093
1,25,24,2371.581332831177,772.2561432892588,1124.2523707919272,3.070977619847654,2.1094741665171024
1,25,25,2135.2875587596172,582.3832919137885,1111.366545178697,3.6664643172416227,1.9213171100235735
1,25,26,1980.2831288079867,828.9084674564128,1015.2522650579159,2.389025093306961,1.9505330812485504
1,25,27,1616.1281420282621,2350.082109375877,1238.0002494126047,0.6876900749895354,1.3054344236158824
1,25,28,1224.3265071577418,2408.823611929597,1158.1427060492747,0.5082673970374239,1.057146499099612
1,25,29,1166.9281627216437,1442.097515769506,687.8665925748102,0.8091881096535755,1.6964454667781128
1,25,30,1224.994902515374,925.1141400805311,648.4386234039329,1.3241554197936465,1.8891454924212403
1,25,31,951.0373044907676,1184.0757756429734,611.6185305056476,0.8031895627408964,1.554951750242933
1,50,6,405.38934208116206,520.5568409610178,231.8059662146802,0.7787609540060196,1.7488304925927693
1,50,7,464.3035588143758,560.9809322958447,228.14871635357642,0.8276637084868258,2.0350916991126757
1,50,8,634.0380833120693,691.9312117551608,287.45780879346677,0.9163310926584174,2.2056735420522675
1,50,9,807.8570389768013,880.2303595744651,532.6219923115964,0.9177791133758989,1.5167549418503656
1,50,10,1088.6121774302974,1114.2361024440675,720.3695233773649,0.9770031459602105,1.5111857763311136
1,50,11,1302.1021518493576,1170.307373585475,593.4318636468392,1.1126155241251727,2.194189816245289
1,50,12,1541.9856593235618,1713.3692665996223,740.2705825329767,0.899972755075623,2.0830027502205537
1,50,13,1738.129194790946,2186.719736457364,1162.8048699256306,0.7948568651997602,1.49477288902489
1,50,14,2410.4780894570104,3170.312190908866,1514.1134727392955,0.7603283034299452,1.5920062352368047
1,50,15,4410.058879716955,6542.263589740685,4588.217045536985,0.674087618027594,0.9611705017326225
1,50,16,6744.287699031365,9705.903657914407,6076.875694374864,0.6948644800870164,1.1098281482496506
1,50,17,4731.981583691171,2863.1929267323144,1897.3635162876478,1.6526939346318013,2.493977323306866
1,50,18,3596.488305269141,4355.786859105548,7428.703034987059,0.8256805077022692,0.4841340794389967
1,50,19,3924.9080073404257,5160.994651610864,4516.386675376185,0.7604944923001175,0.8690371948751503
1,50,20,3650.3823669029844,2378.5405301674746,1358.2555268821854,1.5347152258305048,2.687552006714284
1,50,21,3605.6028175445026,1194.6996534013158,1483.8952157441722,3.0179993835934695,2.429823062497237
1,50,22,3565.9752220791756,1113.9026034442954,,3.201334848354634,
1,50,23,3244.928674521171,713.3748910993457,1354.8413570203672,4.548700430878044,2.3950617226931836
1,50,24,2952.8440049240185,772.2561432892588,1124.2523707919272,3.8236588087820382,2.626495688725144
1,50,25,2839.8607145550272,582.3832919137885,1111.366545178697,4.876274360864422,2.555287206435034
1,50,26,2479.031716641354,828.9084674564128,1015.2522650579159,2.9907182927549365,2.441788905046112
1,50,27,1945.7119782670811,2350.082109375877,1238.0002494126047,0.8279336158104764,1.571657177928894
1,50,28,1508.5641164508952,2408.823611929597,1158.1427060492747,0.626265912115688,1.3025718752717435
1,50,29,1450.971683757941,1442.097515769506,687.8665925748102,1.0061536531970932,2.1093794922162004
1,50,30,1442.0506755263627,925.1141400805311,648.4386234039329,1.55878135794231,2.223881526298386
1,50,31,1109.4270074719104,1184.0757756429734,611.6185305056476,0.9369560887008879,1.8139198734785
1,75,6,464.25801038129936,520.5568409610178,231.8059662146802,0.8918488315785396,2.002787149798123
1,75,7,519.1462418961497,560.9809322958447,228.14871635357642,0.925425824673783,2.275472990571624
1,75,8,642.3381831503168,691.9312117551608,287.45780879346677,0.9283266490045365,2.234547691873019
1,75,9,862.4470338388064,880.2303595744651,532.6219923115964,0.979796963894479,1.6192478836552708
1,75,10,1243.0861704498366,1114.2361024440675,720.3695233773649,1.1156398250991308,1.7256229339378188
1,75,11,1704.7943041509993,1170.307373585475,593.4318636468392,1.4567064539019476,2.8727717680585307
1,75,12,2158.883036330685,1713.3692665996223,740.2705825329767,1.2600220386906065,2.91634314164377
1,75,13,2453.163261368058,2186.719736457364,1162.8048699256306,1.1218462158037459,2.109694691530622
1,75,14,2903.313724192613,3170.312190908866,1514.1134727392955,0.9157816484187603,1.917500753057835
1,75,15,4304.219393033013,6542.263589740685,4588.217045536985,0.6579098096540649,0.9381028295554981
1,75,16,6530.310430051284,9705.903657914407,6076.875694374864,0.6728183856148547,1.0746164243734897
1,75,17,5207.053766563007,2863.1929267323144,1897.3635162876478,1.818617850703368,2.744362754877383
1,75,18,4055.1480078227682,4355.786859105548,7428.703034987059,0.9309794393051374,0.5458756378770541
1,75,19,3906.811961524199,5160.994651610864,4516.386675376185,0.7569881825598859,0.8650304418850026
1,75,20,3858.592503185612,2378.5405301674746,1358.2555268821854,1.622252155994973,2.8408443233379197
1,75,21,3767.221937370162,1194.6996534013158,1483.8952157441722,3.153279509745284,2.5387385156309055
1,75,22,3815.922915357469,1113.9026034442954,,3.425724029693676,
1,75,23,3674.3040081902213,713.3748910993457,1354.8413570203672,5.15059340331973,2.7119809925723914
1,75,24,3493.2198751239216,772.2561432892588,1124.2523707919272,4.5233953856881,3.1071492183407945
1,75,25,3327.2508575451807,582.3832919137885,1111.366545178697,5.713163313135915,2.9938375165055837
1,75,26,2925.5094106009215,828.9084674564128,1015.2522650579159,3.529351581578283,2.881559107316085
1,75,27,2334.179487307155,2350.082109375877,1238.0002494126047,0.9932331632136269,1.8854434709642873
1,75,28,1883.865465731913,2408.823611929597,1158.1427060492747,0.7820686647217127,1.6266263698696226
1,75,29,1843.6782117015455,1442.097515769506,687.8665925748102,1.2784698618094181,2.680284566227183
1,75,30,1812.0611530981876,925.1141400805311,648.4386234039329,1.958743331866539,2.794499105537391
1,75,31,1435.6614433047623,1184.0757756429734,611.6185305056476,1.2124742966937005,2.3473151510269776
2,5,6,259.2624844901665,652.2237242924604,298.8926502474667,0.39750544917914077,0.8674100359293259
2,5,7,242.56548947513974,786.3050646323848,359.988422934855,0.3084877617932482,0.6738146951993381
2,5,8,521.6066801650383,1093.8485888002363,657.2584900339185,0.4768545532770226,0.793609649893028
2,5,9,724.9181886497945,1322.7864757238876,898.7307695059823,0.5480235865377192,0.8066021696890052
2,5,10,825.2097051887806,1619.5257949366448,1119.7107862818266,0.5095378584081537,0.7369846886346585
2,5,11,963.7027664899036,2190.2514264386127,1183.8664524355042,0.43999641084900526,0.8140299647036456
2,5,12,1062.1342580487049,2722.188341888636,1208.6099565757322,0.39017662433739,0.8788064770357954
2,5,13,1601.7281550869043,4212.992127816498,2405.189353544938,0.3801877873237435,0.6659468007066321
2,5,14,2792.1544778044085,7621.2797884304955,4772.288701237533,0.3663629410434513,0.5850766063420172
2,5,15,4741.485902738108,12133.80023064491,8827.200806823344,0.39076676825147455,0.5371449009150198
2,5,16,4320.151226787573,7307.5907522979605,3520.4049052835635,0.5911868046837528,1.2271745276526909
2,5,17,5991.721106184884,692.1213710697981,3944.0546459587476,8.657038139024086,1.519178014514648
2,5,18,8344.127452617615,6363.439290635078,9818.727879487242,1.3112606361936177,0.8498175685314303
2,5,19,6396.784021023131,5285.729601202534,3938.6015940165817,1.2101988757744675,1.6241256873355645
2,5,20,6159.05972374809,3142.207121062516,1500.8384258661579,1.960106220389904,4.103746024621936
2,5,21,4765.635613664734,1408.0251358987507,2028.6859322832738,3.384623961718411,2.3491243951699508
2,5,22,3593.7838591377536,1317.7494090397413,,2.72721340983684,
2,5,23,2371.967119265194,998.1488417384172,1662.0478187689412,2.376366149094636,1.4271353040985797
2,5,24,1144.2479449146165,904.8460632119371,1466.5698456094865,1.2645774695121876,0.780220559109534
2,5,25,1003.1189037699577,1336.4148340257314,1100.7265023134044,0.7506044367587764,0.9113243859048509
2,5,26,760.8375995530554,1946.4883411047144,1017.3082310313165,0.39087703917160266,0.7478928965135189
2,5,27,788.5428173364219,3292.365973497995,1459.7390982032684,0.23950642901907698,0.5401943527490674
2,5,28,938.5056890809319,2694.082311740509,1232.3108927506366,0.34835820902391484,0.7615819145979443
2,5,29,1093.4944216154274,1757.5884929149292,829.0148684568153,0.6221561110711907,1.3190287209817266
2,5,30,878.56755216057,1528.5501418557658,691.9517903545983,0.5747718233789362,1.2696947452225515
2,5,31,593.7821727735782,1871.625805322836,913.1563228975224,0.31725474776255125,0.6502524900549963
2,15,6,361.815329369242,652.2237242924604,298.8926502474667,0.5547411354313174,1.2105193254825062
2,15,7,323.96948104604013,786.3050646323848,359.988422934855,0.41201499979846007,0.8999441659952131
2,15,8,565.96299931722,1093.8485888002363,657.2584900339185,0.517405247044277,0.861096521230198
2,15,9,859.5541198682027,1322.7864757238876,898.7307695059823,0.6498056456147365,0.9564089146972076
2,15,10,1000.6392211188214,1619.5257949366448,1119.7107862818266,0.6178593908459272,0.8936586423728213
2,15,11,1224.1866836325241,2190.2514264386127,1183.8664524355042,0.5589251849606477,1.0340580908548183
2,15,12,1349.3851445194862,2722.188341888636,1208.6099565757322,0.49569867145316326,1.1164769387988513
2,15,13,1810.4280913174373,4212.992127816498,2405.189353544938,0.4297250116761416,0.752717489227657
2,15,14,2986.737745323254,7621.2797884304955,4772.288701237533,0.39189451486314403,0.6258501805535661
2,15,15,4745.473910411846,12133.80023064491,8827.200806823344,0.391095437555232,0.5375966871336652
2,15,16,3850.2904743248523,7307.5907522979605,3520.4049052835635,0.5268891765886153,1.0937067121302393
2,15,17,4925.34950778769,692.1213710697981,3944.0546459587476,7.116308950516404,1.2488035663589043
2,15,18,6780.065691019945,6363.439290635078,9818.727879487242,1.0654718904913585,0.6905238411978494
2,15,19,6314.245583851011,5285.729601202534,3938.6015940165817,1.1945835410147512,1.6031694074981955
2,15,20,5909.306153300661,3142.207121062516,1500.8384258661579,1.8806227360666377,3.9373366589346923
2,15,21,4862.010873266587,1408.0251358987507,2028.6859322832738,3.4530710775721603,2.396630644445995
2,15,22,3733.3675492717116,1317.7494090397413,,2.8331392324374165,
2,15,23,2645.793634344506,998.1488417384172,1662.0478187689412,2.6507005004749415,1.5918877931588113
2,15,24,1983.4785056537814,904.8460632119371,1466.5698456094865,2.1920618172476947,1.3524609902431717
2,15,25,1748.3176916833909,1336.4148340257314,1100.7265023134044,1.3082148201070691,1.5883306961438102
2,15,26,1401.43990212215,1946.4883411047144,1017.3082310313165,0.7199837124771955,1.3775961496953704
2,15,27,1187.1302977781154,3292.365973497995,1459.7390982032684,0.3605705767019701,0.8132482710364505
2,15,28,1135.1811847998097,2694.082311740509,1232.3108927506366,0.42136098806365985,0.9211808411966366
2,15,29,1199.6121625277228,1757.5884929149292,829.0148684568153,0.682533008928721,1.4470333502712232
2,15,30,986.5120843897637,1528.5501418557658,691.9517903545983,0.6453907250906861,1.4256948217219219
2,15,31,680.27036153118,1871.625805322836,913.1563228975224,0.3634649402655786,0.7449659433695038
2,25,6,454.65982213032174,652.2237242924604,298.8926502474667,0.6970918186448091,1.5211475483050132
2,25,7,403.2092463475753,786.3050646323848,359.988422934855,0.5127898375372727,1.12006170381913
2,25,8,621.0548607879057,1093.8485888002363,657.2584900339185,0.5677704091286492,0.944917213250232
2,25,9,904.0537483509054,1322.7864757238876,898.7307695059823,0.6834464707209581,1.0059227735663807
2,25,10,1062.2846529409285,1619.5257949366448,1119.7107862818266,0.6559232685654659,0.9487134231049158
2,25,11,1332.3935203687818,2190.2514264386127,1183.8664524355042,0.6083290275652403,1.1254593097284924
2,25,12,1432.8006126831212,2722.188341888636,1208.6099565757322,0.5263414697048676,1.1854946295019546
2,25,13,1842.9516945372116,4212.992127816498,2405.189353544938,0.43744484647123544,0.7662397523176041
2,25,14,3170.575776833107,7621.2797884304955,4772.288701237533,0.416016189517961,0.6643721650810699
2,25,15,4966.982713139767,12133.80023064491,8827.200806823344,0.40935095507796837,0.5626905767568282
2,25,16,3824.5736112766017,7307.5907522979605,3520.4049052835635,0.5233699780018357,1.0864016254313615
2,25,17,4015.3005252800813,692.1213710697981,3944.0546459587476,5.801439881958437,1.0180641207378645
2,25,18,5422.370923984197,6363.439290635078,9818.727879487242,0.852113248249916,0.552247805473082
2,25,19,5457.538722986098,5285.729601202534,3938.6015940165817,1.0325043342634244,1.3856539161709185
2,25,20,5440.299165314299,3142.207121062516,1500.8384258661579,1.7313623690963755,3.6248400037962885
2,25,21,4666.2774321358465,1408.0251358987507,2028.6859322832738,3.3140583311798153,2.300147774418675
2,25,22,3725.096271286234,1317.7494090397413,,2.826862410813565,
2,25,23,2993.120802593833,998.1488417384172,1662.0478187689412,2.998671818704804,1.8008632295614706
2,25,24,2454.430398938134,904.8460632119371,1466.5698456094865,2.7125391806708303,1.6735857526909033
2,25,25,2162.977842775673,1336.4148340257314,1100.7265023134044,1.6184928419718714,1.965045665957645
2,25,26,1826.821048809829,1946.4883411047144,1017.3082310313165,0.9385214440961054,1.79573996659582
2,25,27,1496.8572337424769,3292.365973497995,1459.7390982032684,0.4546448498713317,1.0254279244728703
2,25,28,1328.2685710782657,2694.082311740509,1232.3108927506366,0.4930319186202367,1.0778680760611004
2,25,29,1298.471116329666,1757.5884929149292,829.0148684568153,0.7387799371490962,1.566282060473449
2,25,30,1036.2821456491606,1528.5501418557658,691.9517903545983,0.6779510316822465,1.497621886516265
2,25,31,710.682555194169,1871.625805322836,913.1563228975224,0.37971401824713763,0.7782704202705546
2,50,6,569.9001515154225,652.2237242924604,298.8926502474667,0.8737801620657951,1.906705136588593
2,50,7,634.8366979485236,786.3050646323848,359.988422934855,0.8073669196640925,1.7634919833613822
2,50,8,966.6361893753194,1093.8485888002363,657.2584900339185,0.8837020034331745,1.470709323702209
2,50,9,1331.1662708496108,1322.7864757238876,898.7307695059823,1.0063349567594704,1.4811624526679232
2,50,10,1732.7905249415605,1619.5257949366448,1119.7107862818266,1.0699369718957434,1.5475340116134455
2,50,11,2006.5553539825976,2190.2514264386127,1183.8664524355042,0.9161301436727252,1.6949169814336913
2,50,12,2055.5810134484686,2722.188341888636,1208.6099565757322,0.7551207908055033,1.7007811347776736
2,50,13,2521.696958640176,4212.992127816498,2405.189353544938,0.5985524971647921,1.0484400967946748
2,50,14,4438.862688674891,7621.2797884304955,4772.288701237533,0.5824300920448188,0.9301328914832458
2,50,15,6871.875286716469,12133.80023064491,8827.200806823344,0.5663415546731174,0.7784886100477711
2,50,16,5207.510843386415,7307.5907522979605,3520.4049052835635,0.7126166502617638,1.4792363331759868
2,50,17,3828.931522299927,692.1213710697981,3944.0546459587476,5.532167741593681,0.9708109714512245
2,50,18,4023.6648256193116,6363.439290635078,9818.727879487242,0.6323097686404966,0.4097949220107562
2,50,19,4295.796259431944,5285.729601202534,3938.6015940165817,0.8127158563795291,1.0906907329642082
2,50,20,4395.16282926885,3142.207121062516,1500.8384258661579,1.398750196894295,2.928471681908285
2,50,21,4111.795959264174,1408.0251358987507,2028.6859322832738,2.920257497135937,2.0268272647981407
2,50,22,3683.8458811454266,1317.7494090397413,,2.795558742712612,
2,50,23,3387.079078065269,998.1488417384172,1662.0478187689412,3.393360725807378,2.0378950832919105
2,50,24,3019.215966415594,904.8460632119371,1466.5698456094865,3.336717801145386,2.058692243982999
2,50,25,2697.078184441573,1336.4148340257314,1100.7265023134044,2.0181444531837958,2.450270960836416
2,50,26,2165.2884732258512,1946.4883411047144,1017.3082310313165,1.1124076253120316,2.128448789833094
2,50,27,1706.7943268467336,3292.365973497995,1459.7390982032684,0.5184096605862255,1.1692461542939796
2,50,28,1543.499546779305,2694.082311740509,1232.3108927506366,0.5729221932280639,1.252524469157345
2,50,29,1489.4843576733651,1757.5884929149292,829.0148684568153,0.8474590973243582,1.796691970610844
2,50,30,1198.3059603562929,1528.5501418557658,691.9517903545983,0.7839493959298361,1.7317766599638507
2,50,31,817.3345431598287,1871.625805322836,913.1563228975224,0.43669762451199323,0.8950653055397536
2,75,6,608.5289017875366,652.2237242924604,298.8926502474667,0.9330063889467921,2.0359446820914067
2,75,7,761.8512704681435,786.3050646323848,359.988422934855,0.9689003730687225,2.116321586836172
2,75,8,1013.3440268409556,1093.8485888002363,657.2584900339185,0.9264024630249966,1.5417739629177873
2,75,9,1385.2848945372891,1322.7864757238876,898.7307695059823,1.0472475489887358,1.5413791777695092
2,75,10,1940.1295000781097,1619.5257949366448,1119.7107862818266,1.1979614688100764,1.7327059128550604
2,75,11,2504.679791285904,2190.2514264386127,1183.8664524355042,1.1435581144026725,2.1156776477052475
2,75,12,2821.765363870815,2722.188341888636,1208.6099565757322,1.036579769463377,2.334719607858866
2,75,13,3164.0927403815163,4212.992127816498,2405.189353544938,0.7510321985864702,1.315527501283029
2,75,14,4419.2119957097275,7621.2797884304955,4772.288701237533,0.5798516939921723,0.9260152250562195
2,75,15,6496.2643303290315,12133.80023064491,8827.200806823344,0.5353857989125436,0.7359370736539129
2,75,16,5247.388217800179,7307.5907522979605,3520.4049052835635,0.7180736299648518,1.4905638297244417
2,75,17,4111.84596181701,692.1213710697981,3944.0546459587476,5.940931942993484,1.0425428476327498
2,75,18,3974.425960342869,6363.439290635078,9818.727879487242,0.6245719930402946,0.4047801313086623
2,75,19,4012.6581191823257,5285.729601202534,3938.6015940165817,0.7591493364074892,1.0188027459487776
2,75,20,4139.2268897123,3142.207121062516,1500.8384258661579,1.3172991881937588,2.757943039287181
2,75,21,4034.2085137605422,1408.0251358987507,2028.6859322832738,2.86515376104098,1.9885820912752448
2,75,22,3872.349840063319,1317.7494090397413,,2.938608671344534,
2,75,23,3705.0711970421776,998.1488417384172,1662.0478187689412,3.7119425902346115,2.2292205766898325
2,75,24,3522.3267375753303,904.8460632119371,1466.5698456094865,3.8927358815842195,2.4017449616329043
2,75,25,3078.260756122251,1336.4148340257314,1100.7265023134044,2.303372184854828,2.796571854727446
2,75,26,2475.907759359398,1946.4883411047144,1017.3082310313165,1.2719869454518364,2.4337832761358835
2,75,27,1968.1685539954742,3292.365973497995,1459.7390982032684,0.5977976233013916,1.3483015947288184
2,75,28,1871.142897344008,2694.082311740509,1232.3108927506366,0.6945381324058945,1.518401653634203
2,75,29,1828.048178612345,1757.5884929149292,829.0148684568153,1.0400888410350022,2.205084912427685
2,75,30,1477.665021393479,1528.5501418557658,691.9517903545983,0.9667102052664699,2.135502851486566
2,75,31,1037.916820857782,1871.625805322836,913.1563228975224,0.5545535960799345,1.1366255643550538
3,5,6,359.15974799249716,864.0617713877134,432.8541241242015,0.41566443498093203,0.8297477786983987
3,5,7,555.5968626598695,1152.1943053104444,679.9016503015649,0.4822076103823225,0.8171723989983537
3,5,8,817.3158304626437,1481.0817956409994,1103.0183648446648,0.551837064548428,0.7409811627005359
3,5,9,896.5072238347252,1808.7687392752186,1387.3059475058462,0.4956450232515404,0.6462217115456771
3,5,10,1194.3894089047938,2653.5110322838,1940.1795167276512,0.4501166169551658,0.6156076788808063
3,5,11,1229.968199580279,3184.381369292388,1814.9860564556964,0.3862502812763266,0.6776736356763864
3,5,12,1837.8118328220146,4706.805465245958,2600.610378129505,0.3904584216178092,0.7066848030283818
3,5,13,3663.3076797454178,8893.848070850709,5955.4439804717595,0.4118923159652105,0.6151191568181336
3,5,14,5249.057590094815,13297.128727485531,9058.971040262093,0.39475120514136774,0.5794319870066557
3,5,15,4927.910650552944,9829.256185221855,6080.961335635347,0.5013513288993309,0.8103834868468326
3,5,16,5108.271579897621,3940.857084986502,2118.8632386247923,1.296233654186198,2.4108547860847533
3,5,17,7331.075982596101,1823.08525082729,5963.660519509424,4.021246937996653,1.2292912982912652
3,5,18,8526.811261733761,6496.633988796844,8881.136153952688,1.3124967908670655,0.9601036527222669
3,5,19,7941.586753122519,6119.960377673338,4160.664614343227,1.2976532956152438,1.9087303325880116
3,5,20,7932.795709398136,3277.0092032368166,1614.90215113063,2.4207425788010104,4.912245428519743
3,5,21,4977.920553192409,1623.245801908019,2709.5754860572265,3.0666461895919825,1.8371588386474187
3,5,22,3809.4941536789893,1563.602558186886,,2.4363570740741065,
3,5,23,1839.6968467958732,1142.171814446405,2288.00981310693,1.6107006174789464,0.8040598585972477
3,5,24,1170.5731602958601,1635.2180991066425,1284.5951813818235,0.7158513967863805,0.9112389469160929
3,5,25,968.1244455535925,2481.4262148138873,1110.3731481148286,0.3901483911848671,0.8718910820180195
3,5,26,797.7423670003337,2848.272773862521,1114.0298787712336,0.2800793429340412,0.7160870477551621
3,5,27,1010.1386243455868,3556.884734712563,1496.3270880120842,0.2839953216609415,0.675078752793005
3,5,28,1080.8346209772776,2983.781310964413,1354.8124579069374,0.36223654093065283,0.7977743448322503
3,5,29,917.97622592902,2413.0722817697742,1002.1873323543288,0.3804180392208417,0.9159726892301853
3,5,30,663.1897660903913,2223.4622242887644,896.3395106584778,0.2982689603834087,0.7398867931228339
3,5,31,561.345891139121,2207.6835253774293,1063.4141311907636,0.25426918518275954,0.527871385826471
3,15,6,497.33497898240205,864.0617713877134,432.8541241242015,0.5755780378799361,1.148966710179013
3,15,7,629.5635724560241,1152.1943053104444,679.9016503015649,0.5464039958836596,0.9259627067779379
3,15,8,881.985860047191,1481.0817956409994,1103.0183648446648,0.5955011145522014,0.7996112196839068
3,15,9,1086.2181309756293,1808.7687392752186,1387.3059475058462,0.6005290269506104,0.7829694184822572
3,15,10,1439.7984268030673,2653.5110322838,1940.1795167276512,0.5426012589681508,0.742095468171658
3,15,11,1526.938540125801,3184.381369292388,1814.9860564556964,0.4795086904007063,0.841294915018579
3,15,12,2106.343325170192,4706.805465245958,2600.610378129505,0.4475101723925026,0.8099419055172672
3,15,13,3545.41333224891,8893.848070850709,5955.4439804717595,0.39863659734293017,0.595323093269708
3,15,14,5137.290215966243,13297.128727485531,9058.971040262093,0.3863458285808215,0.5670942310262216
3,15,15,4258.7796906515005,9829.256185221855,6080.961335635347,0.4332758868422327,0.7003464510939105
3,15,16,4327.478155036125,3940.857084986502,2118.8632386247923,1.0981058337594973,2.042358409995726
3,15,17,6415.0780224333,1823.08525082729,5963.660519509424,3.518803094656286,1.0756947015087657
3,15,18,7224.557517710127,6496.633988796844,8881.136153952688,1.1120462581343746,0.813472217121086
3,15,19,7905.323253736496,6119.960377673338,4160.664614343227,1.2917278488560917,1.9000145376976927
3,15,20,6970.227346425236,3277.0092032368166,1614.90215113063,2.127008779694759,4.316191752884359
3,15,21,5029.507284032259,1623.245801908019,2709.5754860572265,3.0984261768121644,1.8561975150398284
3,15,22,3884.6174144243982,1563.602558186886,,2.4844020586208955,
3,15,23,2423.3691775962625,1142.171814446405,2288.00981310693,2.121720346225525,1.0591603076673546
3,15,24,2009.837368600078,1635.2180991066425,1284.5951813818235,1.2290943756665234,1.5645686654671398
3,15,25,1656.2521933816206,2481.4262148138873,1110.3731481148286,0.6674597791761635,1.4916176568152566
3,15,26,1330.919058996805,2848.272773862521,1114.0298787712336,0.4672723312212671,1.1946888358728749
3,15,27,1298.6885079104545,3556.884734712563,1496.3270880120842,0.3651196495731829,0.8679175284033663
3,15,28,1240.7998742192124,2983.781310964413,1354.8124579069374,0.4158481285674931,0.9158462243077804
3,15,29,1011.6919115350144,2413.0722817697742,1002.1873323543288,0.4192547066153477,1.0094838348818056
3,15,30,738.2202619427651,2223.4622242887644,896.3395106584778,0.33201385383505005,0.8235944674584816
3,15,31,644.4552120641733,2207.6835253774293,1063.4141311907636,0.2919146719428439,0.6060246832929906
3,25,6,632.4095353490396,864.0617713877134,432.8541241242015,0.7319031535596903,1.4610223169955947
3,25,7,678.8830852659628,1152.1943053104444,679.9016503015649,0.5892088531743317,0.9985018935677676
3,25,8,953.0499682101945,1481.0817956409994,1103.0183648446648,0.6434823323162396,0.8640381688879768
3,25,9,1167.8602358748246,1808.7687392752186,1387.3059475058462,0.6456658667944423,0.8418188057035654
3,25,10,1494.9558719091085,2653.5110322838,1940.1795167276512,0.5633878486732513,0.7705245102425025
3,25,11,1671.3344504843726,3184.381369292388,1814.9860564556964,0.5248537334759515,0.9208525016154413
3,25,12,2138.2552915883543,4706.805465245958,2600.610378129505,0.45429013528958717,0.8222128580161628
3,25,13,3530.4174393662784,8893.848070850709,5955.4439804717595,0.39695050008073607,0.5928050790071603
3,25,14,5289.379440556267,13297.128727485531,9058.971040262093,0.39778357786542096,0.5838830278900234
3,25,15,4175.4778591031245,9829.256185221855,6080.961335635347,0.4248010002405772,0.6866476579343134
3,25,16,3907.295242084297,3940.857084986502,2118.8632386247923,0.991483618365643,1.8440525895480884
3,25,17,5019.819304262554,1823.08525082729,5963.660519509424,2.753474804310238,0.841734583623732
3,25,18,5918.00245559053,6496.633988796844,8881.136153952688,0.9109336412973028,0.6663564608179812
3,25,19,6838.487775014105,6119.960377673338,4160.664614343227,1.1174071975959317,1.6436046662928585
3,25,20,6224.753678174587,3277.0092032368166,1614.90215113063,1.8995227941460096,3.854570181739181
3,25,21,4826.357670856932,1623.245801908019,2709.5754860572265,2.9732759297352653,1.7812228135706563
3,25,22,3828.609385667322,1563.602558186886,,2.448582196045318,
3,25,23,2788.356164497173,1142.171814446405,2288.00981310693,2.4412755850122694,1.2186819079725946
3,25,24,2457.616672779546,1635.2180991066425,1284.5951813818235,1.5029289818417488,1.9131448633770505
3,25,25,2030.3326010729716,2481.4262148138873,1110.3731481148286,0.8182119576846862,1.8285137789220078
3,25,26,1668.9262166339454,2848.272773862521,1114.0298787712336,0.5859432537322355,1.4980982543078272
3,25,27,1560.1083637216764,3556.884734712563,1496.3270880120842,0.43861650856890955,1.0426252229345974
3,25,28,1412.40100042839,2983.781310964413,1354.8124579069374,0.4733594232386542,1.042506652625871
3,25,29,1111.2977629344705,2413.0722817697742,1002.1873323543288,0.4605323144814511,1.108872290696212
3,25,30,794.0434837281277,2223.4622242887644,896.3395106584778,0.3571202942213801,0.8858735716612555
3,25,31,662.97057736985,2207.6835253774293,1063.4141311907636,0.30030145614123177,0.6234359295446688
3,50,6,777.2051373148489,864.0617713877134,432.8541241242015,0.8994786750797114,1.7955359415539278
3,50,7,909.8290180129771,1152.1943053104444,679.9016503015649,0.7896489453381172,1.338177393170659
3,50,8,1416.1029445676015,1481.0817956409994,1103.0183648446648,0.9561274392375638,1.2838434877437672
3,50,9,2005.7108336360259,1808.7687392752186,1387.3059475058462,1.1088818543158385,1.4457595581147566
3,50,10,2585.9301265039267,2653.5110322838,1940.1795167276512,0.9745315150539592,1.33283034080548
3,50,11,2711.6771809930488,3184.381369292388,1814.9860564556964,0.851555409519187,1.4940484921897472
3,50,12,2828.7139954963986,4706.805465245958,2600.610378129505,0.600983834233859,1.0877115692858834
3,50,13,4390.735440945855,8893.848070850709,5955.4439804717595,0.49368230781188455,0.737264166255837
3,50,14,6813.737219069162,13297.128727485531,9058.971040262093,0.5124216933378241,0.7521535490935876
3,50,15,5371.080602882388,9829.256185221855,6080.961335635347,0.5464381537799097,0.8832617585326599
3,50,16,4094.164226048538,3940.857084986502,2118.8632386247923,1.0389019793805998,1.932245626530279
3,50,17,3991.378410026641,1823.08525082729,5963.660519509424,2.189353683935192,0.6692833029259981
3,50,18,4341.015407197102,6496.633988796844,8881.136153952688,0.6681945473121911,0.48879054795991
3,50,19,5060.374210742352,6119.960377673338,4160.664614343227,0.8268638844792954,1.2162417978362206
3,50,20,4836.178853980831,3277.0092032368166,1614.90215113063,1.475790440015844,2.9947194327500966
3,50,21,4139.652254669532,1623.245801908019,2709.5754860572265,2.5502313018790144,1.5277862809030827
3,50,22,3740.1007354655776,1563.602558186886,,2.391976602930673,
3,50,23,3245.7600543151916,1142.171814446405,2288.00981310693,2.8417441345182963,1.4185953380626963
3,50,24,2869.3326680916844,1635.2180991066425,1284.5951813818235,1.7547094602605409,2.233647385322727
3,50,25,2398.700506751119,2481.4262148138873,1110.3731481148286,0.9666620318714684,2.16026523229924
3,50,26,1875.207732711931,2848.272773862521,1114.0298787712336,0.6583666248260963,1.6832652054002992
3,50,27,1704.6990079465097,3556.884734712563,1496.3270880120842,0.47926743065635746,1.1392555956540584
3,50,28,1574.5530420998361,2983.781310964413,1354.8124579069374,0.5277039025326262,1.1621926215030367
3,50,29,1253.0154144723867,2413.0722817697742,1002.1873323543288,0.5192614510301412,1.2502806351870515
3,50,30,900.4913443875529,2223.4622242887644,896.3395106584778,0.4049951173223102,1.0046319878569505
3,50,31,732.3770067750048,2207.6835253774293,1063.4141311907636,0.33174003354932696,0.688703474303959
3,75,6,824.6450140298887,864.0617713877134,432.8541241242015,0.9543820145005142,1.9051337808052584
3,75,7,1170.032432067982,1152.1943053104444,679.9016503015649,1.0154818737389362,1.7208848243698533
3,75,8,1631.8571149299955,1481.0817956409994,1103.0183648446648,1.1018008051498207,1.4794469130709402
3,75,9,2145.9656193276182,1808.7687392752186,1387.3059475058462,1.1864234342017188,1.5468582277656349
3,75,10,2811.280054508979,2653.5110322838,1940.1795167276512,1.0594567048358536,1.4489793497307635
3,75,11,3227.5072716104737,3184.381369292388,1814.9860564556964,1.0135429451804854,1.7782545822490492
3,75,12,3503.2813229583003,4706.805465245958,2600.610378129505,0.7443012779741544,1.3470996472289876
3,75,13,4467.107805668149,8893.848070850709,5955.4439804717595,0.5022694080314849,0.7500881244649518
3,75,14,6413.402164869304,13297.128727485531,9058.971040262093,0.4823148136945253,0.7079614380447067
3,75,15,5269.7705138998945,9829.256185221855,6080.961335635347,0.5361311593264726,0.8666015491692486
3,75,16,4148.937044380726,3940.857084986502,2118.8632386247923,1.0528006864767938,1.9580957226260218
3,75,17,3998.555288096673,1823.08525082729,5963.660519509424,2.1932903501260763,0.6704867379717311
3,75,18,4078.1171145546095,6496.633988796844,8881.136153952688,0.6277277004656782,0.4591886717939326
3,75,19,4302.245514571823,6119.960377673338,4160.664614343227,0.7029858445272211,1.0340284337604426
3,75,20,4370.796093873128,3277.0092032368166,1614.90215113063,1.3337759593582892,2.70653927286742
3,75,21,4014.820690504183,1623.245801908019,2709.5754860572265,2.4733288610911695,1.4817157562737817
3,75,22,3861.9819865623513,1563.602558186886,,2.4699255999175445,
3,75,23,3611.8427377811818,1142.171814446405,2288.00981310693,3.1622586830614376,1.5785958246728826
3,75,24,3242.406499152846,1635.2180991066425,1284.5951813818235,1.9828587397144442,2.5240687075168915
3,75,25,2620.3888432925155,2481.4262148138873,1110.3731481148286,1.0560011124445425,2.3599173374656655
3,75,26,2088.3663089245024,2848.272773862521,1114.0298787712336,0.7332044627497123,1.8746052944540001
3,75,27,1927.9757148359915,3556.884734712563,1496.3270880120842,0.5420405378955284,1.2884721063209286
3,75,28,1859.3198322452033,2983.781310964413,1354.8124579069374,0.6231421268753228,1.3723817059651815
3,75,29,1502.5094919482058,2413.0722817697742,1002.1873323543288,0.6226541588908594,1.4992301772748664
3,75,30,1082.311923818336,2223.4622242887644,896.3395106584778,0.4867687483040299,1.2074798789392172
3,75,31,901.544567750407,2207.6835253774293,1063.4141311907636,0.4083667597221742,0.8477831366984918
